symbol,contract_month,expire_Year,expire_Month,expire_Day,tradingYear,tradingMonth,tradingDay_Day,days_to_expire,open,high,low,close,volume,openInterest
TNH16,2016Mar,2016,3,1,2016,1,8,83,137.3594,137.3594,137.3594,137.3594,0,0
TNH16,2016Mar,2016,3,1,2016,1,11,80,137.4531,137.5938,136.4688,136.6563,4416,3224
TNH16,2016Mar,2016,3,1,2016,1,12,79,136.5313,137.5625,136.1563,137.3281,10278,6257
TNH16,2016Mar,2016,3,1,2016,1,13,78,137.1563,138.0469,136.7813,137.7656,21411,11710
TNH16,2016Mar,2016,3,1,2016,1,14,77,137.5156,138.0156,137.1094,137.4063,24863,20101
TNH16,2016Mar,2016,3,1,2016,1,15,76,137.4844,138.75,137.375,138.2188,28959,25422
TNH16,2016Mar,2016,3,1,2016,1,19,72,138.25,138.375,137.5938,138.1719,19459,28295
TNH16,2016Mar,2016,3,1,2016,1,20,71,137.9844,139.3438,137.9375,138.8125,26806,35044
TNH16,2016Mar,2016,3,1,2016,1,21,70,138.7188,139.1406,138.2188,138.4219,30798,38885
TNH16,2016Mar,2016,3,1,2016,1,22,69,138.2813,138.5313,137.6406,138.0938,25163,39329
TNH16,2016Mar,2016,3,1,2016,1,25,66,138.0,138.5,137.8906,138.4219,17497,45340
TNH16,2016Mar,2016,3,1,2016,1,26,65,138.6406,139.1719,138.3906,138.7813,24200,50387
TNH16,2016Mar,2016,3,1,2016,1,27,64,138.7813,138.9688,138.1406,138.75,33200,53084
TNH16,2016Mar,2016,3,1,2016,1,28,63,138.7969,139.0938,138.3125,138.9531,25785,51900
TNH16,2016Mar,2016,3,1,2016,1,29,62,139.0,139.8594,138.8906,139.5938,29276,56316
TNH16,2016Mar,2016,3,1,2016,2,1,59,139.6406,139.9219,139.1719,139.2031,14846,56649
TNH16,2016Mar,2016,3,1,2016,2,2,58,139.375,140.5,139.3594,140.4844,24320,57100
TNH16,2016Mar,2016,3,1,2016,2,3,57,140.6719,141.3438,140.0938,140.2969,32250,57314
TNH16,2016Mar,2016,3,1,2016,2,4,56,140.25,140.6719,139.9688,140.5156,31016,58627
TNH16,2016Mar,2016,3,1,2016,2,5,55,140.7344,141.0469,140.1719,140.7344,30903,55922
TNH16,2016Mar,2016,3,1,2016,2,8,52,140.7656,142.1563,140.5,142.1563,32950,57543
TNH16,2016Mar,2016,3,1,2016,2,9,51,142.0,142.7813,141.7344,142.2031,42229,55954
TNH16,2016Mar,2016,3,1,2016,2,10,50,142.1719,142.6094,141.6875,142.5,44610,55861
TNH16,2016Mar,2016,3,1,2016,2,11,49,142.9219,144.6875,142.7969,143.2656,69058,52636
TNH16,2016Mar,2016,3,1,2016,2,12,48,143.0469,143.2656,141.8125,141.9375,43584,51948
TNH16,2016Mar,2016,3,1,2016,2,16,44,141.8125,142.0156,141.2656,141.6094,31045,51608
TNH16,2016Mar,2016,3,1,2016,2,17,43,141.6719,142.0313,140.6875,141.0469,37399,49128
TNH16,2016Mar,2016,3,1,2016,2,18,42,141.0469,141.8438,140.8906,141.75,26323,49549
TNH16,2016Mar,2016,3,1,2016,2,19,41,142.0,142.25,141.4375,141.875,35672,49540
TNH16,2016Mar,2016,3,1,2016,2,22,38,141.8281,141.9375,141.4688,141.6563,20191,48232
TNH16,2016Mar,2016,3,1,2016,2,23,37,141.9531,142.2344,141.0625,141.9063,39043,44989
TNH16,2016Mar,2016,3,1,2016,2,24,36,142.2188,143.125,141.9688,141.9844,54468,34509
TNH16,2016Mar,2016,3,1,2016,2,25,35,141.8906,142.75,141.75,142.5156,47753,22954
TNH16,2016Mar,2016,3,1,2016,2,26,34,142.2188,142.3125,141.4688,141.6875,42178,16269
TNH16,2016Mar,2016,3,1,2016,2,29,31,141.7969,142.0469,141.5938,141.9844,5736,15008
TNH16,2016Mar,2016,3,1,2016,3,1,30,142.2344,142.4219,140.7969,140.7969,6650,13565
TNH16,2016Mar,2016,3,1,2016,3,2,29,140.8906,140.8906,140.2813,140.5313,6203,11322
TNH16,2016Mar,2016,3,1,2016,3,3,28,140.6563,140.9375,140.4219,140.7813,4387,11725
TNH16,2016Mar,2016,3,1,2016,3,4,27,140.7969,140.8594,139.9844,140.1563,3179,10129
TNH16,2016Mar,2016,3,1,2016,3,7,24,139.8594,139.9844,139.8594,139.9531,163,10098
TNH16,2016Mar,2016,3,1,2016,3,8,23,140.6094,141.0938,140.6094,140.7813,39,10076
TNH16,2016Mar,2016,3,1,2016,3,9,22,140.1719,140.375,140.0938,140.0938,383,9811
TNH16,2016Mar,2016,3,1,2016,3,10,21,139.6563,139.6563,139.6563,139.6563,35,9797
TNH16,2016Mar,2016,3,1,2016,3,11,20,139.0938,139.1875,139.0938,139.1875,318,9667
TNH16,2016Mar,2016,3,1,2016,3,14,17,139.4063,139.5313,139.3125,139.3594,1415,8609
TNH16,2016Mar,2016,3,1,2016,3,15,16,139.7969,139.7969,139.4063,139.4063,863,7981
TNH16,2016Mar,2016,3,1,2016,3,16,15,139.6719,139.6719,139.6719,139.6719,2004,6502
TNH16,2016Mar,2016,3,1,2016,3,17,14,140.125,140.125,140.125,140.125,2,424
TNH16,2016Mar,2016,3,1,2016,3,18,13,140.5781,140.5781,140.5781,140.5781,4,370
TNH16,2016Mar,2016,3,1,2016,3,21,10,140.0625,140.0625,140.0625,140.0625,184,0
TNM16,2016Jun,2016,6,1,2016,1,8,175,137.0938,137.0938,137.0938,137.0938,0,0
TNM16,2016Jun,2016,6,1,2016,1,11,172,136.0313,136.0313,136.0313,136.0313,0,0
TNM16,2016Jun,2016,6,1,2016,1,12,171,136.7031,136.7031,136.7031,136.7031,0,0
TNM16,2016Jun,2016,6,1,2016,1,13,170,137.1406,137.1406,137.1406,137.1406,0,0
TNM16,2016Jun,2016,6,1,2016,1,14,169,136.7813,136.7813,136.7813,136.7813,0,0
TNM16,2016Jun,2016,6,1,2016,1,15,168,137.5938,137.5938,137.5938,137.5938,0,0
TNM16,2016Jun,2016,6,1,2016,1,19,164,137.5469,137.5469,137.5469,137.5469,0,0
TNM16,2016Jun,2016,6,1,2016,1,20,163,138.0938,138.0938,138.0938,138.0938,74,74
TNM16,2016Jun,2016,6,1,2016,1,21,162,137.6563,137.6563,137.6563,137.6563,0,74
TNM16,2016Jun,2016,6,1,2016,1,22,161,137.3281,137.3281,137.3281,137.3281,0,74
TNM16,2016Jun,2016,6,1,2016,1,25,158,137.6563,137.6563,137.6563,137.6563,0,74
TNM16,2016Jun,2016,6,1,2016,1,26,157,138.0156,138.0156,138.0156,138.0156,0,74
TNM16,2016Jun,2016,6,1,2016,1,27,156,137.9219,137.9219,137.9219,137.9219,0,74
TNM16,2016Jun,2016,6,1,2016,1,28,155,138.1094,138.1094,138.1094,138.1094,0,74
TNM16,2016Jun,2016,6,1,2016,1,29,154,138.875,138.875,138.75,138.75,1,74
TNM16,2016Jun,2016,6,1,2016,2,1,151,138.3594,138.3594,138.3594,138.3594,0,74
TNM16,2016Jun,2016,6,1,2016,2,2,150,139.6406,139.6406,139.6406,139.6406,0,74
TNM16,2016Jun,2016,6,1,2016,2,3,149,139.4219,139.4219,139.4219,139.4219,0,74
TNM16,2016Jun,2016,6,1,2016,2,4,148,139.6406,139.6406,139.6406,139.6406,0,74
TNM16,2016Jun,2016,6,1,2016,2,5,147,139.8594,139.8594,139.8594,139.8594,0,74
TNM16,2016Jun,2016,6,1,2016,2,8,144,141.0156,141.2656,141.0156,141.2656,50,74
TNM16,2016Jun,2016,6,1,2016,2,9,143,141.3125,141.3125,141.3125,141.3125,0,74
TNM16,2016Jun,2016,6,1,2016,2,10,142,141.4375,141.4375,141.4375,141.4375,55,79
TNM16,2016Jun,2016,6,1,2016,2,11,141,143.25,143.25,142.2656,142.2656,1,79
TNM16,2016Jun,2016,6,1,2016,2,12,140,140.9375,140.9375,140.9375,140.9375,0,79
TNM16,2016Jun,2016,6,1,2016,2,16,136,140.6875,140.6875,140.6875,140.6875,51,110
TNM16,2016Jun,2016,6,1,2016,2,17,135,140.0938,140.0938,140.0938,140.0938,23,89
TNM16,2016Jun,2016,6,1,2016,2,18,134,140.8281,140.8281,140.8281,140.8281,861,872
TNM16,2016Jun,2016,6,1,2016,2,19,133,140.9531,140.9531,140.9531,140.9531,158,906
TNM16,2016Jun,2016,6,1,2016,2,22,130,140.5469,140.8438,140.5156,140.75,8560,4369
TNM16,2016Jun,2016,6,1,2016,2,23,129,140.9063,141.2656,140.1719,141.0313,13084,12621
TNM16,2016Jun,2016,6,1,2016,2,24,128,141.1563,142.2344,141.1406,141.1406,21366,26071
TNM16,2016Jun,2016,6,1,2016,2,25,127,141.0,141.875,140.8594,141.7031,22330,39189
TNM16,2016Jun,2016,6,1,2016,2,26,126,141.3906,141.5,140.5938,140.8438,39122,51673
TNM16,2016Jun,2016,6,1,2016,2,29,123,140.8438,141.1719,140.7344,141.1094,41397,61609
TNM16,2016Jun,2016,6,1,2016,3,1,122,141.1406,141.5781,139.8594,139.9063,54689,66647
TNM16,2016Jun,2016,6,1,2016,3,2,121,139.9844,140.2188,139.3594,139.6094,63980,73205
TNM16,2016Jun,2016,6,1,2016,3,3,120,139.7188,140.0313,139.4531,139.8438,43873,77006
TNM16,2016Jun,2016,6,1,2016,3,4,119,139.7344,140.0156,138.9688,139.2188,54843,85270
TNM16,2016Jun,2016,6,1,2016,3,7,116,139.4063,139.4063,138.8125,138.9844,34620,88242
TNM16,2016Jun,2016,6,1,2016,3,8,115,138.9844,140.2031,138.9219,139.8438,44844,91654
TNM16,2016Jun,2016,6,1,2016,3,9,114,139.9063,139.9219,139.0938,139.1563,48147,91789
TNM16,2016Jun,2016,6,1,2016,3,10,113,139.3594,139.625,138.4844,138.7344,54035,91534
TNM16,2016Jun,2016,6,1,2016,3,11,112,138.7031,138.9219,138.1094,138.2344,41710,93343
TNM16,2016Jun,2016,6,1,2016,3,14,109,138.2188,138.6719,138.1094,138.4375,28478,94951
TNM16,2016Jun,2016,6,1,2016,3,15,108,138.4531,139.0313,138.3125,138.5,27995,94902
TNM16,2016Jun,2016,6,1,2016,3,16,107,138.375,139.1094,138.0625,138.7813,45053,96352
TNM16,2016Jun,2016,6,1,2016,3,17,106,139.0781,139.8125,139.0469,139.2188,55090,95016
TNM16,2016Jun,2016,6,1,2016,3,18,105,139.2656,139.7188,139.25,139.5781,40357,95153
TNM16,2016Jun,2016,6,1,2016,3,21,102,139.5313,139.6406,138.9375,139.0,41608,93579
TNM16,2016Jun,2016,6,1,2016,3,22,101,138.9688,139.4688,138.6875,138.75,39851,94959
TNM16,2016Jun,2016,6,1,2016,3,23,100,138.6406,139.5313,138.5,139.5,39749,94722
TNM16,2016Jun,2016,6,1,2016,3,24,99,139.3906,139.7969,139.2656,139.3438,26359,93949
TNM16,2016Jun,2016,6,1,2016,3,28,95,139.25,139.75,139.0625,139.6563,24433,95446
TNM16,2016Jun,2016,6,1,2016,3,29,94,139.4844,140.4219,139.3594,140.375,45628,100517
TNM16,2016Jun,2016,6,1,2016,3,30,93,140.4219,140.5,139.8125,140.2031,58807,103732
TNM16,2016Jun,2016,6,1,2016,3,31,92,140.2969,140.8125,140.1563,140.75,63046,106560
TNM16,2016Jun,2016,6,1,2016,4,1,91,140.9063,141.0625,140.4063,140.6875,51688,104884
TNM16,2016Jun,2016,6,1,2016,4,4,88,140.9688,141.1719,140.7188,140.8438,41918,107514
TNM16,2016Jun,2016,6,1,2016,4,5,87,141.0,141.5938,141.0,141.4531,37120,107167
TNM16,2016Jun,2016,6,1,2016,4,6,86,141.4688,141.4688,140.9063,141.1563,38977,106134
TNM16,2016Jun,2016,6,1,2016,4,7,85,141.125,142.0156,141.0,141.9688,50825,104604
TNM16,2016Jun,2016,6,1,2016,4,8,84,141.9531,141.9688,141.4219,141.6406,32574,104717
TNM16,2016Jun,2016,6,1,2016,4,11,81,141.6875,141.9063,141.2344,141.6094,31285,104543
TNM16,2016Jun,2016,6,1,2016,4,12,80,141.5469,141.5938,140.8906,140.9375,35354,104668
TNM16,2016Jun,2016,6,1,2016,4,13,79,140.9375,141.2656,140.75,141.1875,50367,107215
TNM16,2016Jun,2016,6,1,2016,4,14,78,141.125,141.3125,140.6719,140.9531,41984,107600
TNM16,2016Jun,2016,6,1,2016,4,15,77,140.875,141.4531,140.75,141.3125,39534,108739
TNM16,2016Jun,2016,6,1,2016,4,18,74,141.5156,141.6875,140.8906,141.0781,35681,111692
TNM16,2016Jun,2016,6,1,2016,4,19,73,141.1094,141.125,140.6875,140.9531,41372,111376
TNM16,2016Jun,2016,6,1,2016,4,20,72,140.9375,141.3438,140.0313,140.0938,51081,113082
TNM16,2016Jun,2016,6,1,2016,4,21,71,140.1406,140.3281,139.625,139.8906,57570,113909
TNM16,2016Jun,2016,6,1,2016,4,22,70,139.9531,140.1563,139.5625,139.7188,43187,111650
TNM16,2016Jun,2016,6,1,2016,4,25,67,139.7344,139.9844,139.4688,139.5469,39499,111866
TNM16,2016Jun,2016,6,1,2016,4,26,66,139.4375,139.7031,139.0781,139.2031,48363,112565
TNM16,2016Jun,2016,6,1,2016,4,27,65,139.2188,140.1406,139.1875,140.0938,61303,115466
TNM16,2016Jun,2016,6,1,2016,4,28,64,140.125,140.6406,139.9375,140.3281,54717,118133
TNM16,2016Jun,2016,6,1,2016,4,29,63,140.4844,140.6406,139.9063,140.5625,70194,115416
TNM16,2016Jun,2016,6,1,2016,5,2,60,140.4219,140.6563,139.9844,140.0,40277,115402
TNM16,2016Jun,2016,6,1,2016,5,3,59,139.9063,141.0469,139.9063,140.8281,57187,113312
TNM16,2016Jun,2016,6,1,2016,5,4,58,140.8438,141.1406,140.625,141.0313,55963,117239
TNM16,2016Jun,2016,6,1,2016,5,5,57,141.125,141.5,140.7344,141.4531,47612,117716
TNM16,2016Jun,2016,6,1,2016,5,6,56,141.4688,142.0156,141.0,141.1094,56254,120853
TNM16,2016Jun,2016,6,1,2016,5,9,53,141.1094,141.4531,140.9688,141.3906,42265,123642
TNM16,2016Jun,2016,6,1,2016,5,10,52,141.5469,141.5625,141.1719,141.375,44979,124222
TNM16,2016Jun,2016,6,1,2016,5,11,51,141.3594,141.8594,141.2656,141.6406,52337,127151
TNM16,2016Jun,2016,6,1,2016,5,12,50,141.6406,141.75,141.1563,141.25,48707,127975
TNM16,2016Jun,2016,6,1,2016,5,13,49,141.2969,141.9219,141.2344,141.9063,56141,129291
TNM16,2016Jun,2016,6,1,2016,5,16,46,142.0156,142.0781,141.2813,141.3125,34332,131123
TNM16,2016Jun,2016,6,1,2016,5,17,45,141.2813,141.5,141.0625,141.2188,54152,138120
TNM16,2016Jun,2016,6,1,2016,5,18,44,141.0625,141.1406,139.6719,139.7188,80751,139402
TNM16,2016Jun,2016,6,1,2016,5,19,43,139.9688,140.3125,139.6719,140.125,68732,143116
TNM16,2016Jun,2016,6,1,2016,5,20,42,140.0781,140.2656,139.8594,140.1094,45335,142924
TNM16,2016Jun,2016,6,1,2016,5,23,39,140.1563,140.5,140.0469,140.2656,41243,138783
TNM16,2016Jun,2016,6,1,2016,5,24,38,140.3438,140.4688,139.7656,140.0156,74673,115391
TNM16,2016Jun,2016,6,1,2016,5,25,37,140.0,140.1563,139.75,139.9063,90193,85683
TNM16,2016Jun,2016,6,1,2016,5,26,36,139.9375,140.5469,139.9063,140.5313,116892,54197
TNM16,2016Jun,2016,6,1,2016,5,27,35,140.4063,140.5781,140.3125,140.4531,51300,42888
TNM16,2016Jun,2016,6,1,2016,5,31,31,140.1875,140.5469,139.8594,140.5156,35908,27629
TNM16,2016Jun,2016,6,1,2016,6,1,30,140.375,140.875,140.2969,140.3125,20862,14052
TNM16,2016Jun,2016,6,1,2016,6,2,29,140.4531,140.8906,140.4063,140.75,3783,13190
TNM16,2016Jun,2016,6,1,2016,6,3,28,140.8438,142.1406,140.8438,142.0938,5094,12087
TNM16,2016Jun,2016,6,1,2016,6,6,25,141.9844,142.1094,141.7188,141.9219,3415,10294
TNM16,2016Jun,2016,6,1,2016,6,7,24,141.9531,142.0469,141.9531,142.0313,170,10079
TNM16,2016Jun,2016,6,1,2016,6,8,23,142.1719,142.1719,142.125,142.125,192,9986
TNM16,2016Jun,2016,6,1,2016,6,9,22,142.4531,142.4531,142.4531,142.4531,2880,8327
TNM16,2016Jun,2016,6,1,2016,6,10,21,142.9063,142.9844,142.9063,142.9844,508,7844
TNM16,2016Jun,2016,6,1,2016,6,13,18,143.0625,143.2969,143.0625,143.25,788,7100
TNM16,2016Jun,2016,6,1,2016,6,14,17,143.3125,143.3125,143.3125,143.3125,200,7095
TNM16,2016Jun,2016,6,1,2016,6,15,16,143.2188,143.4688,143.2188,143.4688,5090,5596
TNM16,2016Jun,2016,6,1,2016,6,16,15,143.6875,143.7969,143.6875,143.7969,7,5312
TNM16,2016Jun,2016,6,1,2016,6,17,14,143.125,143.125,143.125,143.125,148,5312
TNM16,2016Jun,2016,6,1,2016,6,20,11,142.5469,142.5469,142.5469,142.5469,1963,4239
TNM16,2016Jun,2016,6,1,2016,6,21,10,142.3594,142.3594,142.3594,142.3594,0,0
TNU16,2016Sep,2016,9,1,2016,1,8,267,137.0938,137.0938,137.0938,137.0938,0,0
TNU16,2016Sep,2016,9,1,2016,1,11,264,136.0313,136.0313,136.0313,136.0313,0,0
TNU16,2016Sep,2016,9,1,2016,1,12,263,136.7031,136.7031,136.7031,136.7031,0,0
TNU16,2016Sep,2016,9,1,2016,1,13,262,137.1406,137.1406,137.1406,137.1406,0,0
TNU16,2016Sep,2016,9,1,2016,1,14,261,136.7813,136.7813,136.7813,136.7813,0,0
TNU16,2016Sep,2016,9,1,2016,1,15,260,137.5938,137.5938,137.5938,137.5938,0,0
TNU16,2016Sep,2016,9,1,2016,1,19,256,137.5469,137.5469,137.5469,137.5469,0,0
TNU16,2016Sep,2016,9,1,2016,1,20,255,138.0938,138.0938,138.0938,138.0938,0,0
TNU16,2016Sep,2016,9,1,2016,1,21,254,137.6563,137.6563,137.6563,137.6563,0,0
TNU16,2016Sep,2016,9,1,2016,1,22,253,137.3281,137.3281,137.3281,137.3281,0,0
TNU16,2016Sep,2016,9,1,2016,1,25,250,137.6563,137.6563,137.6563,137.6563,0,0
TNU16,2016Sep,2016,9,1,2016,1,26,249,138.0156,138.0156,138.0156,138.0156,0,0
TNU16,2016Sep,2016,9,1,2016,1,27,248,137.9219,137.9219,137.9219,137.9219,0,0
TNU16,2016Sep,2016,9,1,2016,1,28,247,138.1094,138.1094,138.1094,138.1094,0,0
TNU16,2016Sep,2016,9,1,2016,1,29,246,138.75,138.75,138.75,138.75,0,0
TNU16,2016Sep,2016,9,1,2016,2,1,243,138.3594,138.3594,138.3594,138.3594,0,0
TNU16,2016Sep,2016,9,1,2016,2,2,242,139.6406,139.6406,139.6406,139.6406,0,0
TNU16,2016Sep,2016,9,1,2016,2,3,241,139.4219,139.4219,139.4219,139.4219,0,0
TNU16,2016Sep,2016,9,1,2016,2,4,240,139.6406,139.6406,139.6406,139.6406,0,0
TNU16,2016Sep,2016,9,1,2016,2,5,239,139.8594,139.8594,139.8594,139.8594,0,0
TNU16,2016Sep,2016,9,1,2016,2,8,236,141.2656,141.2656,141.2656,141.2656,0,0
TNU16,2016Sep,2016,9,1,2016,2,9,235,141.3125,141.3125,141.3125,141.3125,0,0
TNU16,2016Sep,2016,9,1,2016,2,10,234,141.4375,141.4375,141.4375,141.4375,0,0
TNU16,2016Sep,2016,9,1,2016,2,11,233,142.2656,142.2656,142.2656,142.2656,0,0
TNU16,2016Sep,2016,9,1,2016,2,12,232,140.9375,140.9375,140.9375,140.9375,0,0
TNU16,2016Sep,2016,9,1,2016,2,16,228,140.6875,140.6875,140.6875,140.6875,0,0
TNU16,2016Sep,2016,9,1,2016,2,17,227,140.0938,140.0938,140.0938,140.0938,0,0
TNU16,2016Sep,2016,9,1,2016,2,18,226,140.8281,140.8281,140.8281,140.8281,0,0
TNU16,2016Sep,2016,9,1,2016,2,19,225,140.9531,140.9531,140.9531,140.9531,0,0
TNU16,2016Sep,2016,9,1,2016,2,22,222,140.75,140.75,140.75,140.75,0,0
TNU16,2016Sep,2016,9,1,2016,2,23,221,141.0313,141.0313,141.0313,141.0313,0,0
TNU16,2016Sep,2016,9,1,2016,2,24,220,141.1406,141.1406,141.1406,141.1406,0,0
TNU16,2016Sep,2016,9,1,2016,2,25,219,141.7031,141.7031,141.7031,141.7031,0,0
TNU16,2016Sep,2016,9,1,2016,2,26,218,140.8438,140.8438,140.8438,140.8438,0,0
TNU16,2016Sep,2016,9,1,2016,2,29,215,140.1719,140.1719,140.1719,140.1719,0,0
TNU16,2016Sep,2016,9,1,2016,3,1,214,138.9688,138.9688,138.9688,138.9688,0,0
TNU16,2016Sep,2016,9,1,2016,3,2,213,138.6719,138.6719,138.6719,138.6719,0,0
TNU16,2016Sep,2016,9,1,2016,3,3,212,138.9063,138.9063,138.9063,138.9063,0,0
TNU16,2016Sep,2016,9,1,2016,3,4,211,138.2813,138.2813,138.2813,138.2813,0,0
TNU16,2016Sep,2016,9,1,2016,3,7,208,138.0469,138.0469,138.0469,138.0469,0,0
TNU16,2016Sep,2016,9,1,2016,3,8,207,138.9063,138.9063,138.9063,138.9063,0,0
TNU16,2016Sep,2016,9,1,2016,3,9,206,138.2188,138.2188,138.2188,138.2188,0,0
TNU16,2016Sep,2016,9,1,2016,3,10,205,137.7969,137.7969,137.7969,137.7969,0,0
TNU16,2016Sep,2016,9,1,2016,3,11,204,137.2969,137.2969,137.2969,137.2969,0,0
TNU16,2016Sep,2016,9,1,2016,3,14,201,137.5,137.5,137.5,137.5,0,0
TNU16,2016Sep,2016,9,1,2016,3,15,200,137.5625,137.5625,137.5625,137.5625,0,0
TNU16,2016Sep,2016,9,1,2016,3,16,199,137.8438,137.8438,137.8438,137.8438,0,0
TNU16,2016Sep,2016,9,1,2016,3,17,198,138.2813,138.2813,138.2813,138.2813,0,0
TNU16,2016Sep,2016,9,1,2016,3,18,197,138.6406,138.6406,138.6406,138.6406,0,0
TNU16,2016Sep,2016,9,1,2016,3,21,194,138.0625,138.0625,138.0625,138.0625,0,0
TNU16,2016Sep,2016,9,1,2016,3,22,193,137.8125,137.8125,137.8125,137.8125,0,0
TNU16,2016Sep,2016,9,1,2016,3,23,192,138.5625,138.5625,138.5625,138.5625,0,0
TNU16,2016Sep,2016,9,1,2016,3,24,191,138.4063,138.4063,138.4063,138.4063,0,0
TNU16,2016Sep,2016,9,1,2016,3,28,187,138.75,138.75,138.75,138.75,0,0
TNU16,2016Sep,2016,9,1,2016,3,29,186,139.4688,139.4688,139.4688,139.4688,0,0
TNU16,2016Sep,2016,9,1,2016,3,30,185,139.2969,139.2969,139.2969,139.2969,0,0
TNU16,2016Sep,2016,9,1,2016,3,31,184,139.8438,139.8438,139.8438,139.8438,0,0
TNU16,2016Sep,2016,9,1,2016,4,1,183,139.7813,139.7813,139.7813,139.7813,0,0
TNU16,2016Sep,2016,9,1,2016,4,4,180,139.9375,139.9375,139.9375,139.9375,0,0
TNU16,2016Sep,2016,9,1,2016,4,5,179,140.5469,140.5469,140.5469,140.5469,0,0
TNU16,2016Sep,2016,9,1,2016,4,6,178,140.5781,140.5781,140.5781,140.5781,0,0
TNU16,2016Sep,2016,9,1,2016,4,7,177,141.3906,141.3906,141.3906,141.3906,0,0
TNU16,2016Sep,2016,9,1,2016,4,8,176,141.0625,141.0625,141.0625,141.0625,0,0
TNU16,2016Sep,2016,9,1,2016,4,11,173,141.0313,141.0313,141.0313,141.0313,0,0
TNU16,2016Sep,2016,9,1,2016,4,12,172,140.5,140.5,140.5,140.5,0,0
TNU16,2016Sep,2016,9,1,2016,4,13,171,141.2188,141.2188,141.2188,141.2188,0,0
TNU16,2016Sep,2016,9,1,2016,4,14,170,141.2344,141.2344,141.2344,141.2344,0,0
TNU16,2016Sep,2016,9,1,2016,4,15,169,141.625,141.625,141.625,141.625,0,0
TNU16,2016Sep,2016,9,1,2016,4,18,166,141.3906,141.3906,141.3906,141.3906,0,0
TNU16,2016Sep,2016,9,1,2016,4,19,165,141.2656,141.2656,141.2656,141.2656,0,0
TNU16,2016Sep,2016,9,1,2016,4,20,164,140.4531,140.4531,140.4531,140.4531,0,0
TNU16,2016Sep,2016,9,1,2016,4,21,163,140.2656,140.2656,140.2656,140.2656,0,0
TNU16,2016Sep,2016,9,1,2016,4,22,162,140.1094,140.1094,140.1094,140.1094,0,0
TNU16,2016Sep,2016,9,1,2016,4,25,159,140.0313,140.0313,140.0313,140.0313,0,0
TNU16,2016Sep,2016,9,1,2016,4,26,158,139.6875,139.6875,139.6875,139.6875,0,0
TNU16,2016Sep,2016,9,1,2016,4,27,157,140.5938,140.5938,140.5938,140.5938,0,0
TNU16,2016Sep,2016,9,1,2016,4,28,156,140.8594,140.8594,140.8594,140.8594,0,0
TNU16,2016Sep,2016,9,1,2016,4,29,155,141.0938,141.0938,141.0938,141.0938,0,0
TNU16,2016Sep,2016,9,1,2016,5,2,152,140.5156,140.5156,140.5156,140.5156,168,168
TNU16,2016Sep,2016,9,1,2016,5,3,151,141.375,141.375,141.375,141.375,0,168
TNU16,2016Sep,2016,9,1,2016,5,4,150,141.5781,141.5781,141.5781,141.5781,0,168
TNU16,2016Sep,2016,9,1,2016,5,5,149,142.0,142.0,142.0,142.0,0,168
TNU16,2016Sep,2016,9,1,2016,5,6,148,141.6563,141.6563,141.6563,141.6563,0,168
TNU16,2016Sep,2016,9,1,2016,5,9,145,141.9375,141.9375,141.9375,141.9375,0,168
TNU16,2016Sep,2016,9,1,2016,5,10,144,141.9219,141.9219,141.9219,141.9219,0,168
TNU16,2016Sep,2016,9,1,2016,5,11,143,142.1563,142.1563,142.1563,142.1563,30,198
TNU16,2016Sep,2016,9,1,2016,5,12,142,141.7344,141.7344,141.7344,141.7344,428,605
TNU16,2016Sep,2016,9,1,2016,5,13,141,142.4844,142.4844,142.4844,142.4844,25,629
TNU16,2016Sep,2016,9,1,2016,5,16,138,141.8438,141.8438,141.8438,141.8438,54,677
TNU16,2016Sep,2016,9,1,2016,5,17,137,141.7656,141.7656,141.7656,141.7656,204,861
TNU16,2016Sep,2016,9,1,2016,5,18,136,141.4063,141.4063,140.2188,140.2188,902,1190
TNU16,2016Sep,2016,9,1,2016,5,19,135,140.5,140.8281,140.5,140.6563,3371,3589
TNU16,2016Sep,2016,9,1,2016,5,20,134,140.4844,140.7813,140.4688,140.625,2992,5957
TNU16,2016Sep,2016,9,1,2016,5,23,131,140.75,140.9531,140.5625,140.75,6062,10042
TNU16,2016Sep,2016,9,1,2016,5,24,130,140.7188,140.9219,140.2813,140.5156,36509,35191
TNU16,2016Sep,2016,9,1,2016,5,25,129,140.5469,140.6406,140.2656,140.375,52852,74220
TNU16,2016Sep,2016,9,1,2016,5,26,128,140.4375,141.0313,140.3594,141.0,78894,119973
TNU16,2016Sep,2016,9,1,2016,5,27,127,140.9063,141.0469,140.7813,140.9375,30675,131387
TNU16,2016Sep,2016,9,1,2016,5,31,123,140.7031,141.0313,140.3125,141.0156,81377,131241
TNU16,2016Sep,2016,9,1,2016,6,1,122,140.8594,141.4063,140.7813,140.8125,94753,135515
TNU16,2016Sep,2016,9,1,2016,6,2,121,140.9219,141.4531,140.875,141.2813,58697,138803
TNU16,2016Sep,2016,9,1,2016,6,3,120,141.3594,142.7656,141.2813,142.7031,75192,138808
TNU16,2016Sep,2016,9,1,2016,6,6,117,142.7188,142.8438,142.2188,142.5156,55048,134757
TNU16,2016Sep,2016,9,1,2016,6,7,116,142.3438,142.7656,142.2656,142.6406,41033,132666
TNU16,2016Sep,2016,9,1,2016,6,8,115,142.5938,142.8594,142.5469,142.75,42413,135459
TNU16,2016Sep,2016,9,1,2016,6,9,114,142.8125,143.3438,142.7188,143.0938,49969,137356
TNU16,2016Sep,2016,9,1,2016,6,10,113,143.0313,143.8281,143.0156,143.6719,54313,135566
TNU16,2016Sep,2016,9,1,2016,6,13,110,143.9063,144.0625,143.6563,143.9375,51946,132312
TNU16,2016Sep,2016,9,1,2016,6,14,109,143.9844,144.5781,143.8438,144.0,69874,128169
TNU16,2016Sep,2016,9,1,2016,6,15,108,143.9844,144.5156,143.6719,144.2188,60022,127257
TNU16,2016Sep,2016,9,1,2016,6,16,107,144.4219,145.2344,144.3906,144.5938,79633,133437
TNU16,2016Sep,2016,9,1,2016,6,17,106,144.4375,144.4531,143.8594,143.8906,57118,138732
TNU16,2016Sep,2016,9,1,2016,6,20,103,143.7188,143.7188,143.1094,143.25,59859,143239
TNU16,2016Sep,2016,9,1,2016,6,21,102,143.0625,143.3906,142.8125,142.9063,57913,144842
TNU16,2016Sep,2016,9,1,2016,6,22,101,142.7813,143.1563,142.7813,143.0781,39535,145609
TNU16,2016Sep,2016,9,1,2016,6,23,100,143.0,143.0,142.3281,142.4219,60512,143189
TNU16,2016Sep,2016,9,1,2016,6,24,99,142.2813,146.75,142.1875,144.5313,123329,142997
TNU16,2016Sep,2016,9,1,2016,6,27,96,144.9375,146.1875,144.9063,146.0469,72293,140810
TNU16,2016Sep,2016,9,1,2016,6,28,95,146.2656,146.4844,145.7344,146.0156,62642,139209
TNU16,2016Sep,2016,9,1,2016,6,29,94,145.9531,146.125,145.2969,145.8281,65626,140807
TNU16,2016Sep,2016,9,1,2016,6,30,93,145.2813,146.125,144.9375,145.6719,109407,138912
TNU16,2016Sep,2016,9,1,2016,7,1,92,145.8594,147.0938,145.7969,145.9688,69175,138277
TNU16,2016Sep,2016,9,1,2016,7,5,88,146.2813,147.4219,145.9688,147.2969,66523,139213
TNU16,2016Sep,2016,9,1,2016,7,6,87,147.1406,147.8594,146.8906,147.0469,79464,146231
TNU16,2016Sep,2016,9,1,2016,7,7,86,147.2969,147.4375,146.5625,147.0156,55093,147811
TNU16,2016Sep,2016,9,1,2016,7,8,85,146.9688,147.5313,146.0781,147.2969,75630,151985
TNU16,2016Sep,2016,9,1,2016,7,11,82,147.375,147.4219,146.4219,146.4375,51842,155516
TNU16,2016Sep,2016,9,1,2016,7,12,81,146.4375,146.5938,145.1719,145.4063,62014,153729
TNU16,2016Sep,2016,9,1,2016,7,13,80,145.4219,146.0938,145.3438,145.9688,67024,162450
TNU16,2016Sep,2016,9,1,2016,7,14,79,145.8594,146.0469,144.8906,145.1719,74719,164195
TNU16,2016Sep,2016,9,1,2016,7,15,78,145.1094,145.375,144.2813,144.3906,76303,165927
TNU16,2016Sep,2016,9,1,2016,7,18,75,144.7813,144.8906,144.25,144.5,38457,167025
TNU16,2016Sep,2016,9,1,2016,7,19,74,144.5625,145.125,144.5156,144.8594,53972,168536
TNU16,2016Sep,2016,9,1,2016,7,20,73,144.9219,145.0156,144.3594,144.5781,49441,168559
TNU16,2016Sep,2016,9,1,2016,7,21,72,144.5313,144.9219,143.9688,144.8125,72498,172310
TNU16,2016Sep,2016,9,1,2016,7,22,71,144.8906,145.1563,144.3594,144.75,49459,171080
TNU16,2016Sep,2016,9,1,2016,7,25,68,144.7344,144.9531,144.4531,144.6875,34795,171556
TNU16,2016Sep,2016,9,1,2016,7,26,67,144.6719,145.1563,144.4688,144.7969,52311,174961
TNU16,2016Sep,2016,9,1,2016,7,27,66,144.8125,145.6094,144.4219,145.4375,61200,173951
TNU16,2016Sep,2016,9,1,2016,7,28,65,145.6094,145.7188,145.1406,145.4688,58349,175488
TNU16,2016Sep,2016,9,1,2016,7,29,64,145.5469,146.3281,144.7969,146.2031,90578,172099
TNU16,2016Sep,2016,9,1,2016,8,1,61,146.2656,146.2813,145.3438,145.7344,74014,176174
TNU16,2016Sep,2016,9,1,2016,8,2,60,145.4063,145.5469,144.7656,145.2188,72739,173659
TNU16,2016Sep,2016,9,1,2016,8,3,59,144.9844,145.3125,144.75,145.1563,48225,176511
TNU16,2016Sep,2016,9,1,2016,8,4,58,145.1563,145.9219,144.9844,145.7188,56168,177453
TNU16,2016Sep,2016,9,1,2016,8,5,57,145.7813,145.9219,144.5781,144.7031,62567,175859
TNU16,2016Sep,2016,9,1,2016,8,8,54,144.5781,144.8281,144.3125,144.6406,46669,176392
TNU16,2016Sep,2016,9,1,2016,8,9,53,144.5469,145.2656,144.4531,145.1563,43167,176895
TNU16,2016Sep,2016,9,1,2016,8,10,52,145.0938,145.7344,145.0938,145.6563,59770,180767
TNU16,2016Sep,2016,9,1,2016,8,11,51,145.625,145.7031,144.6719,144.7344,50646,183774
TNU16,2016Sep,2016,9,1,2016,8,12,50,144.7969,145.8906,144.75,145.4063,67084,182695
TNU16,2016Sep,2016,9,1,2016,8,15,47,145.4219,145.6406,144.7969,144.9063,45304,184215
TNU16,2016Sep,2016,9,1,2016,8,16,46,144.8594,145.4375,144.4531,144.6094,76627,186468
TNU16,2016Sep,2016,9,1,2016,8,17,45,144.6406,145.1406,144.4531,144.8125,56269,187256
TNU16,2016Sep,2016,9,1,2016,8,18,44,144.9375,145.2656,144.7188,145.125,47606,188318
TNU16,2016Sep,2016,9,1,2016,8,19,43,145.1563,145.1719,144.4219,144.6094,51395,194387
TNU16,2016Sep,2016,9,1,2016,8,22,40,144.5625,145.1875,144.3281,145.125,46021,192188
TNU16,2016Sep,2016,9,1,2016,8,23,39,145.0625,145.3125,144.7344,144.9844,61316,183179
TNU16,2016Sep,2016,9,1,2016,8,24,38,145.0625,145.1406,144.7969,144.9531,81009,166044
TNU16,2016Sep,2016,9,1,2016,8,25,37,144.8594,145.0625,144.6094,144.75,110838,121863
TNU16,2016Sep,2016,9,1,2016,8,26,36,144.7656,145.4063,143.9531,143.9688,135699,97715
TNU16,2016Sep,2016,9,1,2016,8,29,33,144.0,144.8906,143.8906,144.8281,79984,59552
TNU16,2016Sep,2016,9,1,2016,8,30,32,144.8438,144.9219,144.5156,144.7969,93829,24766
TNU16,2016Sep,2016,9,1,2016,8,31,31,144.8438,144.9688,144.6094,144.8125,13808,18740
TNU16,2016Sep,2016,9,1,2016,9,1,30,144.625,144.9375,144.1406,144.7656,11047,15589
TNU16,2016Sep,2016,9,1,2016,9,2,29,144.7344,145.1406,144.125,144.4688,3057,15156
TNU16,2016Sep,2016,9,1,2016,9,6,25,144.1875,145.2344,144.1406,145.1406,7339,13574
TNU16,2016Sep,2016,9,1,2016,9,7,24,145.25,145.4375,145.0938,145.1719,6177,9007
TNU16,2016Sep,2016,9,1,2016,9,8,23,145.2188,145.2969,144.1719,144.2656,4278,7171
TNU16,2016Sep,2016,9,1,2016,9,9,22,144.3438,144.5313,143.5313,143.6094,1647,5659
TNU16,2016Sep,2016,9,1,2016,9,12,19,143.5469,143.8125,143.3594,143.7031,1393,4807
TNU16,2016Sep,2016,9,1,2016,9,13,18,143.75,144.0938,142.7344,142.9375,1834,3931
TNU16,2016Sep,2016,9,1,2016,9,14,17,142.9063,143.5938,142.8438,143.5625,284,3730
TNU16,2016Sep,2016,9,1,2016,9,15,16,143.5,143.8438,142.9844,143.375,1351,2584
TNU16,2016Sep,2016,9,1,2016,9,16,15,143.4219,143.9531,143.4219,143.4219,271,2715
TNU16,2016Sep,2016,9,1,2016,9,19,12,143.4531,143.7031,143.2344,143.4531,795,1857
TNU16,2016Sep,2016,9,1,2016,9,20,11,143.8125,143.8281,143.3125,143.5625,44,1834
TNU16,2016Sep,2016,9,1,2016,9,21,10,143.5,143.6563,143.0,143.5313,216,0
TNZ16,2016Dec,2016,12,1,2016,3,21,285,138.0625,138.0625,138.0625,138.0625,0,0
TNZ16,2016Dec,2016,12,1,2016,3,22,284,137.8125,137.8125,137.8125,137.8125,0,0
TNZ16,2016Dec,2016,12,1,2016,3,23,283,138.5625,138.5625,138.5625,138.5625,0,0
TNZ16,2016Dec,2016,12,1,2016,3,24,282,138.4063,138.4063,138.4063,138.4063,0,0
TNZ16,2016Dec,2016,12,1,2016,3,28,278,138.75,138.75,138.75,138.75,0,0
TNZ16,2016Dec,2016,12,1,2016,3,29,277,139.4688,139.4688,139.4688,139.4688,0,0
TNZ16,2016Dec,2016,12,1,2016,3,30,276,139.2969,139.2969,139.2969,139.2969,0,0
TNZ16,2016Dec,2016,12,1,2016,3,31,275,139.8438,139.8438,139.8438,139.8438,0,0
TNZ16,2016Dec,2016,12,1,2016,4,1,274,139.7813,139.7813,139.7813,139.7813,0,0
TNZ16,2016Dec,2016,12,1,2016,4,4,271,139.9375,139.9375,139.9375,139.9375,0,0
TNZ16,2016Dec,2016,12,1,2016,4,5,270,140.5469,140.5469,140.5469,140.5469,0,0
TNZ16,2016Dec,2016,12,1,2016,4,6,269,140.5781,140.5781,140.5781,140.5781,0,0
TNZ16,2016Dec,2016,12,1,2016,4,7,268,141.3906,141.3906,141.3906,141.3906,0,0
TNZ16,2016Dec,2016,12,1,2016,4,8,267,141.0625,141.0625,141.0625,141.0625,0,0
TNZ16,2016Dec,2016,12,1,2016,4,11,264,141.0313,141.0313,141.0313,141.0313,0,0
TNZ16,2016Dec,2016,12,1,2016,4,12,263,140.5,140.5,140.5,140.5,0,0
TNZ16,2016Dec,2016,12,1,2016,4,13,262,141.2188,141.2188,141.2188,141.2188,0,0
TNZ16,2016Dec,2016,12,1,2016,4,14,261,141.2344,141.2344,141.2344,141.2344,0,0
TNZ16,2016Dec,2016,12,1,2016,4,15,260,141.625,141.625,141.625,141.625,0,0
TNZ16,2016Dec,2016,12,1,2016,4,18,257,141.3906,141.3906,141.3906,141.3906,0,0
TNZ16,2016Dec,2016,12,1,2016,4,19,256,141.2656,141.2656,141.2656,141.2656,0,0
TNZ16,2016Dec,2016,12,1,2016,4,20,255,140.4531,140.4531,140.4531,140.4531,0,0
TNZ16,2016Dec,2016,12,1,2016,4,21,254,140.2656,140.2656,140.2656,140.2656,0,0
TNZ16,2016Dec,2016,12,1,2016,4,22,253,140.1094,140.1094,140.1094,140.1094,0,0
TNZ16,2016Dec,2016,12,1,2016,4,25,250,140.0313,140.0313,140.0313,140.0313,0,0
TNZ16,2016Dec,2016,12,1,2016,4,26,249,139.6875,139.6875,139.6875,139.6875,0,0
TNZ16,2016Dec,2016,12,1,2016,4,27,248,140.5938,140.5938,140.5938,140.5938,0,0
TNZ16,2016Dec,2016,12,1,2016,4,28,247,140.8594,140.8594,140.8594,140.8594,0,0
TNZ16,2016Dec,2016,12,1,2016,4,29,246,141.0938,141.0938,141.0938,141.0938,0,0
TNZ16,2016Dec,2016,12,1,2016,5,2,243,140.5156,140.5156,140.5156,140.5156,0,0
TNZ16,2016Dec,2016,12,1,2016,5,3,242,141.375,141.375,141.375,141.375,0,0
TNZ16,2016Dec,2016,12,1,2016,5,4,241,141.5781,141.5781,141.5781,141.5781,0,0
TNZ16,2016Dec,2016,12,1,2016,5,5,240,142.0,142.0,142.0,142.0,0,0
TNZ16,2016Dec,2016,12,1,2016,5,6,239,141.6563,141.6563,141.6563,141.6563,0,0
TNZ16,2016Dec,2016,12,1,2016,5,9,236,141.9375,141.9375,141.9375,141.9375,0,0
TNZ16,2016Dec,2016,12,1,2016,5,10,235,141.9219,141.9219,141.9219,141.9219,0,0
TNZ16,2016Dec,2016,12,1,2016,5,11,234,142.1563,142.1563,142.1563,142.1563,0,0
TNZ16,2016Dec,2016,12,1,2016,5,12,233,141.7344,141.7344,141.7344,141.7344,0,0
TNZ16,2016Dec,2016,12,1,2016,5,13,232,142.4844,142.4844,142.4844,142.4844,0,0
TNZ16,2016Dec,2016,12,1,2016,5,16,229,141.8438,141.8438,141.8438,141.8438,0,0
TNZ16,2016Dec,2016,12,1,2016,5,17,228,141.7656,141.7656,141.7656,141.7656,0,0
TNZ16,2016Dec,2016,12,1,2016,5,18,227,140.2188,140.2188,140.2188,140.2188,0,0
TNZ16,2016Dec,2016,12,1,2016,5,19,226,140.6563,140.6563,140.6563,140.6563,0,0
TNZ16,2016Dec,2016,12,1,2016,5,20,225,140.625,140.625,140.625,140.625,0,0
TNZ16,2016Dec,2016,12,1,2016,5,23,222,140.75,140.75,140.75,140.75,0,0
TNZ16,2016Dec,2016,12,1,2016,5,24,221,140.5156,140.5156,140.5156,140.5156,0,0
TNZ16,2016Dec,2016,12,1,2016,5,25,220,140.375,140.375,140.375,140.375,0,0
TNZ16,2016Dec,2016,12,1,2016,5,26,219,141.0,141.0,141.0,141.0,0,0
TNZ16,2016Dec,2016,12,1,2016,5,27,218,140.9375,140.9375,140.9375,140.9375,0,0
TNZ16,2016Dec,2016,12,1,2016,5,31,214,141.0156,141.0156,141.0156,141.0156,0,0
TNZ16,2016Dec,2016,12,1,2016,6,1,213,140.8125,140.8125,140.8125,140.8125,0,0
TNZ16,2016Dec,2016,12,1,2016,6,2,212,141.2813,141.2813,141.2813,141.2813,0,0
TNZ16,2016Dec,2016,12,1,2016,6,3,211,142.7031,142.7031,142.7031,142.7031,0,0
TNZ16,2016Dec,2016,12,1,2016,6,6,208,142.5156,142.5156,142.5156,142.5156,0,0
TNZ16,2016Dec,2016,12,1,2016,6,7,207,142.6406,142.6406,142.6406,142.6406,0,0
TNZ16,2016Dec,2016,12,1,2016,6,8,206,142.75,142.75,142.75,142.75,0,0
TNZ16,2016Dec,2016,12,1,2016,6,9,205,143.0938,143.0938,143.0938,143.0938,0,0
TNZ16,2016Dec,2016,12,1,2016,6,10,204,143.6719,143.6719,143.6719,143.6719,0,0
TNZ16,2016Dec,2016,12,1,2016,6,13,201,143.9375,143.9375,143.9375,143.9375,0,0
TNZ16,2016Dec,2016,12,1,2016,6,14,200,144.0,144.0,144.0,144.0,0,0
TNZ16,2016Dec,2016,12,1,2016,6,15,199,144.2188,144.2188,144.2188,144.2188,0,0
TNZ16,2016Dec,2016,12,1,2016,6,16,198,144.4063,144.4063,144.4063,144.4063,0,0
TNZ16,2016Dec,2016,12,1,2016,6,17,197,143.7031,143.7031,143.7031,143.7031,0,0
TNZ16,2016Dec,2016,12,1,2016,6,20,194,143.0625,143.0625,143.0625,143.0625,0,0
TNZ16,2016Dec,2016,12,1,2016,6,21,193,142.7188,142.7188,142.7188,142.7188,0,0
TNZ16,2016Dec,2016,12,1,2016,6,22,192,142.8906,142.8906,142.8906,142.8906,0,0
TNZ16,2016Dec,2016,12,1,2016,6,23,191,142.2344,142.2344,142.2344,142.2344,0,0
TNZ16,2016Dec,2016,12,1,2016,6,24,190,144.3438,144.3438,144.3438,144.3438,0,0
TNZ16,2016Dec,2016,12,1,2016,6,27,187,145.8594,145.8594,145.8594,145.8594,0,0
TNZ16,2016Dec,2016,12,1,2016,6,28,186,145.8281,145.8281,145.8281,145.8281,0,0
TNZ16,2016Dec,2016,12,1,2016,6,29,185,145.5781,145.5781,145.4375,145.5781,0,0
TNZ16,2016Dec,2016,12,1,2016,6,30,184,145.4219,145.4219,145.4219,145.4219,0,0
TNZ16,2016Dec,2016,12,1,2016,7,1,183,145.7188,145.7188,145.7188,145.7188,0,0
TNZ16,2016Dec,2016,12,1,2016,7,5,179,147.0469,147.0469,147.0469,147.0469,0,0
TNZ16,2016Dec,2016,12,1,2016,7,6,178,146.7969,146.7969,146.7969,146.7969,0,0
TNZ16,2016Dec,2016,12,1,2016,7,7,177,146.7656,146.7656,146.7656,146.7656,0,0
TNZ16,2016Dec,2016,12,1,2016,7,8,176,147.0469,147.0469,147.0469,147.0469,0,0
TNZ16,2016Dec,2016,12,1,2016,7,11,173,146.1875,146.1875,146.1875,146.1875,0,0
TNZ16,2016Dec,2016,12,1,2016,7,12,172,145.1563,145.1563,145.1563,145.1563,0,0
TNZ16,2016Dec,2016,12,1,2016,7,13,171,145.7188,145.7188,145.7188,145.7188,0,0
TNZ16,2016Dec,2016,12,1,2016,7,14,170,144.8906,144.8906,144.8906,144.8906,0,0
TNZ16,2016Dec,2016,12,1,2016,7,15,169,144.1094,144.1094,144.1094,144.1094,0,0
TNZ16,2016Dec,2016,12,1,2016,7,18,166,144.2188,144.2188,144.2188,144.2188,0,0
TNZ16,2016Dec,2016,12,1,2016,7,19,165,144.5469,144.5469,144.5469,144.5469,0,0
TNZ16,2016Dec,2016,12,1,2016,7,20,164,144.2656,144.2656,144.2656,144.2656,0,0
TNZ16,2016Dec,2016,12,1,2016,7,21,163,144.4375,144.4375,143.8125,144.4375,0,0
TNZ16,2016Dec,2016,12,1,2016,7,22,162,144.375,144.5,144.3125,144.375,0,0
TNZ16,2016Dec,2016,12,1,2016,7,25,159,144.3125,144.3125,144.2656,144.3125,0,0
TNZ16,2016Dec,2016,12,1,2016,7,26,158,144.4063,144.4063,144.1406,144.4063,0,0
TNZ16,2016Dec,2016,12,1,2016,7,27,157,145.0469,145.0469,144.2344,145.0469,0,0
TNZ16,2016Dec,2016,12,1,2016,7,28,156,145.0781,145.0781,145.0781,145.0781,0,0
TNZ16,2016Dec,2016,12,1,2016,7,29,155,145.8125,145.8125,144.7656,145.8125,0,0
TNZ16,2016Dec,2016,12,1,2016,8,1,152,145.3438,145.3438,145.2656,145.3438,0,0
TNZ16,2016Dec,2016,12,1,2016,8,2,151,144.8281,144.8281,144.4688,144.8281,0,0
TNZ16,2016Dec,2016,12,1,2016,8,3,150,144.7656,144.7656,144.7031,144.7656,0,0
TNZ16,2016Dec,2016,12,1,2016,8,4,149,145.3281,145.3281,145.3281,145.3281,0,0
TNZ16,2016Dec,2016,12,1,2016,8,5,148,144.3125,144.3125,144.3125,144.3125,0,0
TNZ16,2016Dec,2016,12,1,2016,8,8,145,144.25,144.25,144.2344,144.25,0,0
TNZ16,2016Dec,2016,12,1,2016,8,9,144,144.7656,144.7656,144.7656,144.7656,0,0
TNZ16,2016Dec,2016,12,1,2016,8,10,143,145.25,145.25,145.25,145.25,139,139
TNZ16,2016Dec,2016,12,1,2016,8,11,142,144.3125,144.3125,144.3125,144.3125,0,139
TNZ16,2016Dec,2016,12,1,2016,8,12,141,144.9844,145.3125,144.9844,144.9844,0,139
TNZ16,2016Dec,2016,12,1,2016,8,15,138,144.4844,144.4844,144.4844,144.4844,0,139
TNZ16,2016Dec,2016,12,1,2016,8,16,137,144.1875,144.8125,144.1875,144.1875,0,139
TNZ16,2016Dec,2016,12,1,2016,8,17,136,144.3906,144.625,144.0938,144.3906,0,139
TNZ16,2016Dec,2016,12,1,2016,8,18,135,144.6563,144.7656,144.3594,144.6563,2,139
TNZ16,2016Dec,2016,12,1,2016,8,19,134,144.1094,144.1094,143.9531,144.1094,1,140
TNZ16,2016Dec,2016,12,1,2016,8,22,131,144.4063,144.75,143.8906,144.6563,2630,1712
TNZ16,2016Dec,2016,12,1,2016,8,23,130,144.5938,144.875,144.2969,144.5156,14553,9589
TNZ16,2016Dec,2016,12,1,2016,8,24,129,144.5938,144.6719,144.3125,144.4844,34504,37577
TNZ16,2016Dec,2016,12,1,2016,8,25,128,144.3594,144.5938,144.1406,144.25,70614,88748
TNZ16,2016Dec,2016,12,1,2016,8,26,127,144.2813,144.9219,143.4844,143.4844,63267,129365
TNZ16,2016Dec,2016,12,1,2016,8,29,124,143.4844,144.4219,143.4531,144.3594,59042,164592
TNZ16,2016Dec,2016,12,1,2016,8,30,123,144.3906,144.4531,144.0313,144.3594,67125,183319
TNZ16,2016Dec,2016,12,1,2016,8,31,122,144.3906,144.5469,144.1563,144.375,77519,181199
TNZ16,2016Dec,2016,12,1,2016,9,1,121,144.2031,144.4844,143.6719,144.3125,80735,184726
TNZ16,2016Dec,2016,12,1,2016,9,2,120,144.3125,144.7188,143.625,144.0,70244,189775
TNZ16,2016Dec,2016,12,1,2016,9,6,116,143.9063,144.7969,143.6719,144.6719,72988,193652
TNZ16,2016Dec,2016,12,1,2016,9,7,115,144.7656,144.9688,144.5938,144.7188,57709,197388
TNZ16,2016Dec,2016,12,1,2016,9,8,114,144.75,144.8594,143.6875,143.7813,88264,201610
TNZ16,2016Dec,2016,12,1,2016,9,9,113,143.9375,144.0938,143.0313,143.125,80168,200673
TNZ16,2016Dec,2016,12,1,2016,9,12,110,143.0313,143.3438,142.8594,143.2188,71460,204175
TNZ16,2016Dec,2016,12,1,2016,9,13,109,143.2969,143.6406,142.1875,142.4219,76298,204321
TNZ16,2016Dec,2016,12,1,2016,9,14,108,142.4844,143.0781,142.2969,143.0313,65754,210608
TNZ16,2016Dec,2016,12,1,2016,9,15,107,142.9063,143.4531,142.4688,142.8438,93492,204367
TNZ16,2016Dec,2016,12,1,2016,9,16,106,142.9531,143.4375,142.8438,142.8906,47026,204661
TNZ16,2016Dec,2016,12,1,2016,9,19,103,142.9375,143.1875,142.6719,142.9219,36179,207878
TNZ16,2016Dec,2016,12,1,2016,9,20,102,142.7031,143.3125,142.7031,143.0469,57060,207855
TNZ16,2016Dec,2016,12,1,2016,9,21,101,143.0313,143.5156,142.4375,143.3125,79357,211423
TNZ16,2016Dec,2016,12,1,2016,9,22,100,143.5156,144.0938,143.4844,143.7656,69803,219481
TNZ16,2016Dec,2016,12,1,2016,9,23,99,143.875,144.1094,143.7813,143.9844,41147,221572
TNZ16,2016Dec,2016,12,1,2016,9,26,96,144.0,144.5781,143.9219,144.3594,44479,224688
TNZ16,2016Dec,2016,12,1,2016,9,27,95,144.4063,144.9531,144.1406,144.8125,102090,224935
TNZ16,2016Dec,2016,12,1,2016,9,28,94,144.8125,145.0,144.5313,144.6563,54835,227674
TNZ16,2016Dec,2016,12,1,2016,9,29,93,144.6094,145.0,144.2656,144.8438,70389,236791
TNZ16,2016Dec,2016,12,1,2016,9,30,92,144.7656,145.0938,144.0469,144.1563,101546,227351
TNZ16,2016Dec,2016,12,1,2016,10,3,89,144.2969,144.3438,143.8906,143.9688,44320,226931
TNZ16,2016Dec,2016,12,1,2016,10,4,88,143.9375,144.1094,143.0938,143.1875,72177,226088
TNZ16,2016Dec,2016,12,1,2016,10,5,87,143.1406,143.375,142.5938,142.7969,64454,223211
TNZ16,2016Dec,2016,12,1,2016,10,6,86,142.875,143.0781,142.3906,142.4531,73126,223168
TNZ16,2016Dec,2016,12,1,2016,10,7,85,142.5,142.7813,142.0938,142.5781,88424,224903
TNZ16,2016Dec,2016,12,1,2016,10,10,82,142.625,142.7188,141.9375,142.1406,13258,225300
TNZ16,2016Dec,2016,12,1,2016,10,11,81,142.2031,142.4688,141.9844,142.2813,58980,224291
TNZ16,2016Dec,2016,12,1,2016,10,12,80,142.1875,142.2656,141.7656,142.0781,74804,221944
TNZ16,2016Dec,2016,12,1,2016,10,13,79,142.1875,142.7344,142.1875,142.625,61971,219873
TNZ16,2016Dec,2016,12,1,2016,10,14,78,142.5156,142.5625,141.7656,141.9219,77492,226616
TNZ16,2016Dec,2016,12,1,2016,10,17,75,141.8125,142.4063,141.6406,142.2656,58248,230717
TNZ16,2016Dec,2016,12,1,2016,10,18,74,142.2656,142.6094,142.0313,142.5,55843,233127
TNZ16,2016Dec,2016,12,1,2016,10,19,73,142.5938,142.7344,142.25,142.4531,54009,233772
TNZ16,2016Dec,2016,12,1,2016,10,20,72,142.5,142.8281,142.2344,142.5469,57259,232068
TNZ16,2016Dec,2016,12,1,2016,10,21,71,142.375,142.75,142.3594,142.6563,41290,233389
TNZ16,2016Dec,2016,12,1,2016,10,24,68,142.6875,142.8594,142.2188,142.375,47376,233474
TNZ16,2016Dec,2016,12,1,2016,10,25,67,142.3281,142.625,142.0469,142.4219,60698,237348
TNZ16,2016Dec,2016,12,1,2016,10,26,66,142.4688,142.6406,141.9219,142.0469,72948,237885
TNZ16,2016Dec,2016,12,1,2016,10,27,65,141.9531,142.0156,141.0313,141.375,85871,237365
TNZ16,2016Dec,2016,12,1,2016,10,28,64,141.25,141.5469,140.9375,141.375,73213,238413
TNZ16,2016Dec,2016,12,1,2016,10,31,61,141.4063,141.6563,141.2969,141.5156,72418,241554
TNZ16,2016Dec,2016,12,1,2016,11,1,60,141.5781,141.7969,140.9219,141.6719,106305,259063
TNZ16,2016Dec,2016,12,1,2016,11,2,59,141.5625,142.3125,141.5625,141.9844,95826,255184
TNZ16,2016Dec,2016,12,1,2016,11,3,58,141.9219,142.3281,141.5469,141.8438,75842,258204
TNZ16,2016Dec,2016,12,1,2016,11,4,57,141.8438,142.3906,141.75,142.2188,69126,258984
TNZ16,2016Dec,2016,12,1,2016,11,7,54,141.7656,141.9219,141.5469,141.6875,46573,259487
TNZ16,2016Dec,2016,12,1,2016,11,8,53,141.7031,141.9688,141.0625,141.2344,59515,256766
TNZ16,2016Dec,2016,12,1,2016,11,9,52,141.2813,143.1719,138.4219,138.6719,300843,262102
TNZ16,2016Dec,2016,12,1,2016,11,10,51,138.8281,139.4844,137.5156,137.9531,202487,268785
TNZ16,2016Dec,2016,12,1,2016,11,11,50,137.5781,138.0781,137.1875,137.3125,41271,269688
TNZ16,2016Dec,2016,12,1,2016,11,14,47,137.2969,137.3906,135.6563,136.6719,172238,275613
TNZ16,2016Dec,2016,12,1,2016,11,15,46,136.2656,137.1563,136.25,136.4063,122354,278383
TNZ16,2016Dec,2016,12,1,2016,11,16,45,136.5938,136.7656,135.625,136.5313,123222,281160
TNZ16,2016Dec,2016,12,1,2016,11,17,44,136.5625,136.9219,135.5,135.8906,131779,287243
TNZ16,2016Dec,2016,12,1,2016,11,18,43,135.4844,135.9844,134.8125,135.1719,130565,296206
TNZ16,2016Dec,2016,12,1,2016,11,21,40,134.8594,135.5781,134.8281,135.1875,107913,279765
TNZ16,2016Dec,2016,12,1,2016,11,22,39,135.5625,135.8125,135.2031,135.4375,163410,222739
TNZ16,2016Dec,2016,12,1,2016,11,23,38,135.4688,135.7813,134.3281,135.0469,186816,166079
TNZ16,2016Dec,2016,12,1,2016,11,25,36,135.0938,135.1719,134.3906,134.8906,90058,145793
TNZ16,2016Dec,2016,12,1,2016,11,28,33,135.1094,135.6563,135.0156,135.5625,183007,56469
TNZ16,2016Dec,2016,12,1,2016,11,29,32,135.625,135.9063,135.2031,135.8125,101181,28702
TNZ16,2016Dec,2016,12,1,2016,11,30,31,135.8125,135.9375,134.5156,134.9844,32837,16703
TNZ16,2016Dec,2016,12,1,2016,12,1,30,134.75,134.8594,133.5625,134.1406,11831,12226
TNZ16,2016Dec,2016,12,1,2016,12,2,29,134.1719,135.0,134.0938,134.7969,4747,9979
TNZ16,2016Dec,2016,12,1,2016,12,5,26,135.3438,135.4688,134.1563,134.8281,10900,5377
TNZ16,2016Dec,2016,12,1,2016,12,6,25,134.8281,135.0,134.6719,134.75,2343,6147
TNZ16,2016Dec,2016,12,1,2016,12,7,24,135.0781,135.3438,134.7031,135.2969,1705,5617
TNZ16,2016Dec,2016,12,1,2016,12,8,23,134.9531,135.3438,134.375,134.8125,1341,5959
TNZ16,2016Dec,2016,12,1,2016,12,9,22,134.2813,134.7656,133.8438,134.0313,4238,3890
TNZ16,2016Dec,2016,12,1,2016,12,12,19,133.5938,134.0313,133.3281,133.9063,3498,1552
TNZ16,2016Dec,2016,12,1,2016,12,13,18,133.9844,134.3906,133.75,133.9063,813,1486
TNZ16,2016Dec,2016,12,1,2016,12,14,17,134.5156,134.6406,132.75,133.3281,69,1476
TNZ16,2016Dec,2016,12,1,2016,12,15,16,132.7969,132.7969,132.0938,132.7969,321,1311
TNZ16,2016Dec,2016,12,1,2016,12,16,15,132.5,133.0156,132.3125,132.5,451,1103
TNZ16,2016Dec,2016,12,1,2016,12,19,12,133.0469,133.3281,132.9375,133.1406,18,1089
TNZ16,2016Dec,2016,12,1,2016,12,20,11,132.875,133.1563,132.6719,133.0156,63,0
TNH17,2017Mar,2017,3,1,2016,6,21,283,142.7188,142.7188,142.7188,142.7188,0,0
TNH17,2017Mar,2017,3,1,2016,6,22,282,142.8906,142.8906,142.8906,142.8906,0,0
TNH17,2017Mar,2017,3,1,2016,6,23,281,142.2344,142.2344,142.2344,142.2344,0,0
TNH17,2017Mar,2017,3,1,2016,6,24,280,144.3438,144.3438,144.3438,144.3438,0,0
TNH17,2017Mar,2017,3,1,2016,6,27,277,145.8594,145.8594,145.8594,145.8594,0,0
TNH17,2017Mar,2017,3,1,2016,6,28,276,145.8281,145.8281,145.8281,145.8281,0,0
TNH17,2017Mar,2017,3,1,2016,6,29,275,145.5781,145.5781,145.5781,145.5781,0,0
TNH17,2017Mar,2017,3,1,2016,6,30,274,145.4219,145.4219,145.4219,145.4219,0,0
TNH17,2017Mar,2017,3,1,2016,7,1,273,145.7188,145.7188,145.7188,145.7188,0,0
TNH17,2017Mar,2017,3,1,2016,7,5,269,147.0469,147.0469,147.0469,147.0469,0,0
TNH17,2017Mar,2017,3,1,2016,7,6,268,146.7969,146.7969,146.7969,146.7969,0,0
TNH17,2017Mar,2017,3,1,2016,7,7,267,146.7656,146.7656,146.7656,146.7656,0,0
TNH17,2017Mar,2017,3,1,2016,7,8,266,147.0469,147.0469,147.0469,147.0469,0,0
TNH17,2017Mar,2017,3,1,2016,7,11,263,146.1875,146.1875,146.1875,146.1875,0,0
TNH17,2017Mar,2017,3,1,2016,7,12,262,145.1563,145.1563,145.1563,145.1563,0,0
TNH17,2017Mar,2017,3,1,2016,7,13,261,145.7188,145.7188,145.7188,145.7188,0,0
TNH17,2017Mar,2017,3,1,2016,7,14,260,144.8906,144.8906,144.8906,144.8906,0,0
TNH17,2017Mar,2017,3,1,2016,7,15,259,144.1094,144.1094,144.1094,144.1094,0,0
TNH17,2017Mar,2017,3,1,2016,7,18,256,144.2188,144.2188,144.2188,144.2188,0,0
TNH17,2017Mar,2017,3,1,2016,7,19,255,144.5469,144.5469,144.5469,144.5469,0,0
TNH17,2017Mar,2017,3,1,2016,7,20,254,144.2656,144.2656,144.2656,144.2656,0,0
TNH17,2017Mar,2017,3,1,2016,7,21,253,144.4375,144.4375,144.4375,144.4375,0,0
TNH17,2017Mar,2017,3,1,2016,7,22,252,144.375,144.375,144.375,144.375,0,0
TNH17,2017Mar,2017,3,1,2016,7,25,249,144.3125,144.3125,144.3125,144.3125,0,0
TNH17,2017Mar,2017,3,1,2016,7,26,248,144.4063,144.4063,144.4063,144.4063,0,0
TNH17,2017Mar,2017,3,1,2016,7,27,247,145.0469,145.0469,145.0469,145.0469,0,0
TNH17,2017Mar,2017,3,1,2016,7,28,246,145.0781,145.0781,145.0781,145.0781,0,0
TNH17,2017Mar,2017,3,1,2016,7,29,245,145.8125,145.8125,145.8125,145.8125,0,0
TNH17,2017Mar,2017,3,1,2016,8,1,242,145.3438,145.3438,145.3438,145.3438,0,0
TNH17,2017Mar,2017,3,1,2016,8,2,241,144.8281,144.8281,144.8281,144.8281,0,0
TNH17,2017Mar,2017,3,1,2016,8,3,240,144.7656,144.7656,144.7656,144.7656,0,0
TNH17,2017Mar,2017,3,1,2016,8,4,239,145.3281,145.3281,145.3281,145.3281,0,0
TNH17,2017Mar,2017,3,1,2016,8,5,238,144.3125,144.3125,144.3125,144.3125,0,0
TNH17,2017Mar,2017,3,1,2016,8,8,235,144.25,144.25,144.25,144.25,0,0
TNH17,2017Mar,2017,3,1,2016,8,9,234,144.7656,144.7656,144.7656,144.7656,0,0
TNH17,2017Mar,2017,3,1,2016,8,10,233,145.25,145.25,145.25,145.25,0,0
TNH17,2017Mar,2017,3,1,2016,8,11,232,144.3125,144.3125,144.3125,144.3125,0,0
TNH17,2017Mar,2017,3,1,2016,8,12,231,144.9844,144.9844,144.9844,144.9844,0,0
TNH17,2017Mar,2017,3,1,2016,8,15,228,144.4844,144.4844,144.4844,144.4844,0,0
TNH17,2017Mar,2017,3,1,2016,8,16,227,144.1875,144.1875,144.1875,144.1875,0,0
TNH17,2017Mar,2017,3,1,2016,8,17,226,144.3906,144.3906,144.3906,144.3906,0,0
TNH17,2017Mar,2017,3,1,2016,8,18,225,144.6563,144.6563,144.6563,144.6563,0,0
TNH17,2017Mar,2017,3,1,2016,8,19,224,144.1094,144.1094,144.1094,144.1094,0,0
TNH17,2017Mar,2017,3,1,2016,8,22,221,144.6563,144.6563,144.6563,144.6563,0,0
TNH17,2017Mar,2017,3,1,2016,8,23,220,144.5156,144.5156,144.5156,144.5156,0,0
TNH17,2017Mar,2017,3,1,2016,8,24,219,144.4844,144.4844,144.4844,144.4844,0,0
TNH17,2017Mar,2017,3,1,2016,8,25,218,144.25,144.25,144.25,144.25,0,0
TNH17,2017Mar,2017,3,1,2016,8,26,217,143.4844,143.4844,143.4844,143.4844,0,0
TNH17,2017Mar,2017,3,1,2016,8,29,214,144.3594,144.3594,144.3594,144.3594,0,0
TNH17,2017Mar,2017,3,1,2016,8,30,213,144.3594,144.3594,144.3594,144.3594,0,0
TNH17,2017Mar,2017,3,1,2016,8,31,212,144.375,144.375,144.375,144.375,0,0
TNH17,2017Mar,2017,3,1,2016,9,1,211,144.3125,144.3125,144.3125,144.3125,0,0
TNH17,2017Mar,2017,3,1,2016,9,2,210,144.0,144.0,144.0,144.0,0,0
TNH17,2017Mar,2017,3,1,2016,9,6,206,144.6719,144.6719,144.6719,144.6719,0,0
TNH17,2017Mar,2017,3,1,2016,9,7,205,144.7188,144.7188,144.7188,144.7188,0,0
TNH17,2017Mar,2017,3,1,2016,9,8,204,143.7813,143.7813,143.7813,143.7813,0,0
TNH17,2017Mar,2017,3,1,2016,9,9,203,143.125,143.125,143.125,143.125,0,0
TNH17,2017Mar,2017,3,1,2016,9,12,200,143.2188,143.2188,143.2188,143.2188,0,0
TNH17,2017Mar,2017,3,1,2016,9,13,199,142.4219,142.4219,142.4219,142.4219,0,0
TNH17,2017Mar,2017,3,1,2016,9,14,198,143.0313,143.0313,143.0313,143.0313,0,0
TNH17,2017Mar,2017,3,1,2016,9,15,197,142.8438,142.8438,142.8438,142.8438,0,0
TNH17,2017Mar,2017,3,1,2016,9,16,196,142.8906,142.8906,142.8906,142.8906,0,0
TNH17,2017Mar,2017,3,1,2016,9,19,193,142.9219,142.9219,142.9219,142.9219,0,0
TNH17,2017Mar,2017,3,1,2016,9,20,192,143.0469,143.0469,143.0469,143.0469,0,0
TNH17,2017Mar,2017,3,1,2016,9,21,191,143.3125,143.3125,143.3125,143.3125,0,0
TNH17,2017Mar,2017,3,1,2016,9,22,190,143.7656,143.7656,143.7656,143.7656,0,0
TNH17,2017Mar,2017,3,1,2016,9,23,189,143.9844,143.9844,143.9844,143.9844,0,0
TNH17,2017Mar,2017,3,1,2016,9,26,186,144.3281,144.3281,144.3281,144.3281,0,0
TNH17,2017Mar,2017,3,1,2016,9,27,185,144.7656,144.7656,144.7656,144.7656,0,0
TNH17,2017Mar,2017,3,1,2016,9,28,184,144.6094,144.6094,144.6094,144.6094,0,0
TNH17,2017Mar,2017,3,1,2016,9,29,183,144.7813,144.7813,144.5938,144.7813,0,0
TNH17,2017Mar,2017,3,1,2016,9,30,182,144.0938,144.0938,144.0938,144.0938,0,0
TNH17,2017Mar,2017,3,1,2016,10,3,179,143.9063,143.9063,143.9063,143.9063,0,0
TNH17,2017Mar,2017,3,1,2016,10,4,178,143.125,143.125,143.125,143.125,0,0
TNH17,2017Mar,2017,3,1,2016,10,5,177,142.7188,142.7188,142.7188,142.7188,0,0
TNH17,2017Mar,2017,3,1,2016,10,6,176,142.375,142.375,142.375,142.375,0,0
TNH17,2017Mar,2017,3,1,2016,10,7,175,142.5,142.5,142.5,142.5,0,0
TNH17,2017Mar,2017,3,1,2016,10,10,172,142.0625,142.0625,142.0625,142.0625,0,0
TNH17,2017Mar,2017,3,1,2016,10,11,171,142.1875,142.1875,142.1875,142.1875,0,0
TNH17,2017Mar,2017,3,1,2016,10,12,170,141.9844,141.9844,141.9375,141.9844,0,0
TNH17,2017Mar,2017,3,1,2016,10,13,169,142.5,142.5,142.5,142.5,0,0
TNH17,2017Mar,2017,3,1,2016,10,14,168,141.7969,141.7969,141.625,141.7969,0,0
TNH17,2017Mar,2017,3,1,2016,10,17,165,142.1094,142.1094,142.1094,142.1094,0,0
TNH17,2017Mar,2017,3,1,2016,10,18,164,142.3125,142.3125,141.8594,142.3125,0,0
TNH17,2017Mar,2017,3,1,2016,10,19,163,142.2656,142.2656,142.2344,142.2656,0,0
TNH17,2017Mar,2017,3,1,2016,10,20,162,142.3594,142.3594,142.3594,142.3594,0,0
TNH17,2017Mar,2017,3,1,2016,10,21,161,142.4688,142.4688,142.2969,142.4688,0,0
TNH17,2017Mar,2017,3,1,2016,10,24,158,142.1563,142.1563,142.1563,142.1563,0,0
TNH17,2017Mar,2017,3,1,2016,10,25,157,142.2031,142.2031,142.0625,142.2031,0,0
TNH17,2017Mar,2017,3,1,2016,10,26,156,141.8281,141.8281,141.7344,141.8281,0,0
TNH17,2017Mar,2017,3,1,2016,10,27,155,141.1563,141.1563,140.8281,141.1563,0,0
TNH17,2017Mar,2017,3,1,2016,10,28,154,141.1563,141.1563,140.8281,141.1563,0,0
TNH17,2017Mar,2017,3,1,2016,10,31,151,141.2969,141.2969,141.2969,141.2969,0,0
TNH17,2017Mar,2017,3,1,2016,11,1,150,141.4531,141.4531,140.9063,141.4531,0,0
TNH17,2017Mar,2017,3,1,2016,11,2,149,141.7656,141.7656,141.7656,141.7656,0,0
TNH17,2017Mar,2017,3,1,2016,11,3,148,141.625,141.625,141.5156,141.625,0,0
TNH17,2017Mar,2017,3,1,2016,11,4,147,142.0,142.0,142.0,142.0,0,0
TNH17,2017Mar,2017,3,1,2016,11,7,144,141.1406,141.4688,141.1406,141.4688,1,1
TNH17,2017Mar,2017,3,1,2016,11,8,143,140.9844,140.9844,140.9531,140.9844,0,1
TNH17,2017Mar,2017,3,1,2016,11,9,142,138.4063,142.1875,138.2969,138.4063,0,1
TNH17,2017Mar,2017,3,1,2016,11,10,141,137.625,138.5156,137.3438,137.625,0,1
TNH17,2017Mar,2017,3,1,2016,11,11,140,136.9844,136.9844,136.9844,136.9844,0,1
TNH17,2017Mar,2017,3,1,2016,11,14,137,136.2813,136.2813,135.4219,136.2813,0,1
TNH17,2017Mar,2017,3,1,2016,11,15,136,136.25,136.5781,135.9844,136.0156,1,1
TNH17,2017Mar,2017,3,1,2016,11,16,135,136.0938,136.1563,135.2656,136.0938,0,1
TNH17,2017Mar,2017,3,1,2016,11,17,134,135.75,135.8594,135.0625,135.4375,80,48
TNH17,2017Mar,2017,3,1,2016,11,18,133,135.125,135.4688,134.3438,134.6875,1390,1268
TNH17,2017Mar,2017,3,1,2016,11,21,130,134.375,135.0781,134.3438,134.6875,19135,16053
TNH17,2017Mar,2017,3,1,2016,11,22,129,135.2344,135.3594,134.7188,134.9375,85693,80094
TNH17,2017Mar,2017,3,1,2016,11,23,128,135.0,135.2656,133.7969,134.5156,77866,139239
TNH17,2017Mar,2017,3,1,2016,11,25,126,134.4063,134.6563,133.875,134.375,38436,166386
TNH17,2017Mar,2017,3,1,2016,11,28,123,134.6094,135.0938,134.5625,135.0156,125537,256963
TNH17,2017Mar,2017,3,1,2016,11,29,122,135.0938,135.3594,134.6406,135.2656,80381,286597
TNH17,2017Mar,2017,3,1,2016,11,30,121,135.3594,135.3906,133.9531,134.4375,143917,298165
TNH17,2017Mar,2017,3,1,2016,12,1,120,134.2344,134.3125,132.9219,133.5313,138231,298065
TNH17,2017Mar,2017,3,1,2016,12,2,119,133.4375,134.4063,133.4375,134.2031,85193,299349
TNH17,2017Mar,2017,3,1,2016,12,5,116,134.4063,134.9219,133.5156,134.2344,94325,302204
TNH17,2017Mar,2017,3,1,2016,12,6,115,134.125,134.4219,134.0313,134.125,53326,305602
TNH17,2017Mar,2017,3,1,2016,12,7,114,134.1875,134.7813,134.0625,134.7031,62878,310164
TNH17,2017Mar,2017,3,1,2016,12,8,113,134.7656,134.7813,133.7344,134.2188,103250,320076
TNH17,2017Mar,2017,3,1,2016,12,9,112,133.9531,134.1875,133.2188,133.4219,112820,321884
TNH17,2017Mar,2017,3,1,2016,12,12,109,133.2813,133.5,132.6719,133.3438,117223,312681
TNH17,2017Mar,2017,3,1,2016,12,13,108,133.4531,133.8906,133.2031,133.4063,148296,295980
TNH17,2017Mar,2017,3,1,2016,12,14,107,133.4531,134.1406,132.1719,132.8281,120475,293653
TNH17,2017Mar,2017,3,1,2016,12,15,106,132.2656,132.5,131.5156,132.2969,186465,291010
TNH17,2017Mar,2017,3,1,2016,12,16,105,131.9688,132.5469,131.7656,131.9688,118391,285915
TNH17,2017Mar,2017,3,1,2016,12,19,102,132.0156,132.8281,132.0156,132.625,80232,286129
TNH17,2017Mar,2017,3,1,2016,12,20,101,132.6406,132.7656,132.0781,132.3438,52505,286487
TNH17,2017Mar,2017,3,1,2016,12,21,100,132.4688,132.75,132.2031,132.6094,53038,287244
TNH17,2017Mar,2017,3,1,2016,12,22,99,132.7188,132.8281,132.2656,132.5469,45151,286014
TNH17,2017Mar,2017,3,1,2016,12,23,98,132.5313,132.8594,132.4844,132.7031,20892,285861
TNH17,2017Mar,2017,3,1,2016,12,27,94,132.625,132.6406,132.2813,132.4688,25026,288896
TNH17,2017Mar,2017,3,1,2016,12,28,93,132.4688,133.1875,132.4375,133.125,49657,288878
TNH17,2017Mar,2017,3,1,2016,12,29,92,133.0781,133.7031,133.0781,133.4844,64432,290441
TNH17,2017Mar,2017,3,1,2016,12,30,91,133.4844,134.1094,133.3906,134.0625,61942,291375
TNH17,2017Mar,2017,3,1,2017,1,3,87,133.875,134.0156,133.0625,133.8438,95668,292411
TNH17,2017Mar,2017,3,1,2017,1,4,86,133.9063,134.1094,133.5156,133.875,87363,292917
TNH17,2017Mar,2017,3,1,2017,1,5,85,133.9531,135.1719,133.8281,134.8594,127086,290999
TNH17,2017Mar,2017,3,1,2017,1,6,84,135.1094,135.5938,134.2188,134.3281,98226,289193
TNH17,2017Mar,2017,3,1,2017,1,9,81,134.2813,134.9844,134.125,134.8594,64897,291294
TNH17,2017Mar,2017,3,1,2017,1,10,80,134.9375,135.0469,134.6406,134.8125,67977,288737
TNH17,2017Mar,2017,3,1,2017,1,11,79,134.8594,135.4531,134.625,134.9531,98207,293985
TNH17,2017Mar,2017,3,1,2017,1,12,78,134.9063,135.7031,134.9063,135.0469,97781,291996
TNH17,2017Mar,2017,3,1,2017,1,13,77,135.0156,135.6406,134.2344,134.8594,97582,292153
TNH17,2017Mar,2017,3,1,2017,1,17,73,134.7656,135.7813,134.7031,135.5156,109147,298223
TNH17,2017Mar,2017,3,1,2017,1,18,72,135.4844,135.5469,134.2188,134.75,95866,301134
TNH17,2017Mar,2017,3,1,2017,1,19,71,134.1719,134.4688,133.4375,133.9219,135003,307358
TNH17,2017Mar,2017,3,1,2017,1,20,70,133.75,134.0469,133.2969,133.8906,113695,307520
TNH17,2017Mar,2017,3,1,2017,1,23,67,133.875,134.9219,133.7813,134.6719,123309,310150
TNH17,2017Mar,2017,3,1,2017,1,24,66,134.6875,134.8438,133.7813,133.8281,76637,309268
TNH17,2017Mar,2017,3,1,2017,1,25,65,133.9219,134.0781,133.0781,133.2031,108208,318420
TNH17,2017Mar,2017,3,1,2017,1,26,64,133.2969,133.5,132.8438,133.3906,84005,314517
TNH17,2017Mar,2017,3,1,2017,1,27,63,133.4063,133.75,133.1719,133.7344,60697,311278
TNH17,2017Mar,2017,3,1,2017,1,30,60,133.7344,133.9688,133.5469,133.7813,81967,310837
TNH17,2017Mar,2017,3,1,2017,1,31,59,133.6875,134.3906,133.5469,134.1563,157813,312552
TNH17,2017Mar,2017,3,1,2017,2,1,58,134.0938,134.125,133.375,133.875,86703,312020
TNH17,2017Mar,2017,3,1,2017,2,2,57,133.8594,134.4219,133.7969,133.9219,106160,317079
TNH17,2017Mar,2017,3,1,2017,2,3,56,133.8594,134.4844,133.5313,133.7344,109609,318093
TNH17,2017Mar,2017,3,1,2017,2,6,53,134.0938,134.7656,133.9219,134.6719,86410,315852
TNH17,2017Mar,2017,3,1,2017,2,7,52,134.6719,135.25,134.3438,134.9844,89692,317805
TNH17,2017Mar,2017,3,1,2017,2,8,51,134.875,135.75,134.8438,135.4375,113986,318146
TNH17,2017Mar,2017,3,1,2017,2,9,50,135.5156,135.6094,134.6406,134.7344,86737,319664
TNH17,2017Mar,2017,3,1,2017,2,10,49,134.7344,134.75,134.2656,134.5625,89348,319888
TNH17,2017Mar,2017,3,1,2017,2,13,46,134.5156,134.5156,134.0156,134.2344,56767,320504
TNH17,2017Mar,2017,3,1,2017,2,14,45,134.1875,134.2969,133.3906,133.7969,108715,318024
TNH17,2017Mar,2017,3,1,2017,2,15,44,133.8125,133.875,133.1563,133.4219,95478,312392
TNH17,2017Mar,2017,3,1,2017,2,16,43,133.4688,134.2031,133.4219,134.0625,94511,311588
TNH17,2017Mar,2017,3,1,2017,2,17,42,134.0313,134.7188,133.9375,134.3906,69606,311482
TNH17,2017Mar,2017,3,1,2017,2,21,38,134.4219,134.5625,133.9688,134.3906,87413,302770
TNH17,2017Mar,2017,3,1,2017,2,22,37,134.3438,134.8438,134.0469,134.5156,199339,213775
TNH17,2017Mar,2017,3,1,2017,2,23,36,134.5781,135.0781,134.4844,134.8906,201591,123848
TNH17,2017Mar,2017,3,1,2017,2,24,35,135.0313,135.8281,134.9531,135.75,149797,67114
TNH17,2017Mar,2017,3,1,2017,2,27,32,135.7969,135.7969,135.1563,135.1875,109618,22917
TNH17,2017Mar,2017,3,1,2017,2,28,31,135.2188,135.5625,134.7656,135.3125,34179,12640
TNH17,2017Mar,2017,3,1,2017,3,1,30,134.8125,134.8125,133.9375,134.0313,10703,9934
TNH17,2017Mar,2017,3,1,2017,3,2,29,134.0313,134.1406,133.5313,133.7344,5434,10044
TNH17,2017Mar,2017,3,1,2017,3,3,28,133.8281,133.9531,133.4219,133.7656,4923,9039
TNH17,2017Mar,2017,3,1,2017,3,6,25,133.7344,134.1719,133.6563,133.7656,2283,8348
TNH17,2017Mar,2017,3,1,2017,3,7,24,133.7031,133.8281,133.5,133.6094,768,8005
TNH17,2017Mar,2017,3,1,2017,3,8,23,132.9219,133.6563,132.7969,133.1875,1206,7444
TNH17,2017Mar,2017,3,1,2017,3,9,22,132.9531,133.125,132.5,132.6406,1656,6617
TNH17,2017Mar,2017,3,1,2017,3,10,21,132.875,132.9375,132.4063,132.875,52,6597
TNH17,2017Mar,2017,3,1,2017,3,13,18,132.5781,133.1406,132.375,132.5781,1342,6583
TNH17,2017Mar,2017,3,1,2017,3,14,17,132.3906,132.8281,132.3438,132.75,30,6554
TNH17,2017Mar,2017,3,1,2017,3,15,16,133.0313,133.9219,132.9688,133.8125,872,6783
TNH17,2017Mar,2017,3,1,2017,3,16,15,133.5781,134.0,133.4375,133.6563,239,6308
TNH17,2017Mar,2017,3,1,2017,3,17,14,133.9219,134.0625,133.4063,133.9688,181,5552
TNH17,2017Mar,2017,3,1,2017,3,20,11,134.4219,134.4688,133.875,134.3281,689,5435
TNH17,2017Mar,2017,3,1,2017,3,21,10,134.125,134.9219,134.0625,134.7813,458,2220
TNH17,2017Mar,2017,3,1,2017,3,22,9,135.2031,135.4375,135.0781,135.1875,85,0
TNM17,2017Jun,2017,6,1,2016,9,21,283,143.3125,143.3125,143.3125,143.3125,0,0
TNM17,2017Jun,2017,6,1,2016,9,22,282,143.7656,143.7656,143.7656,143.7656,0,0
TNM17,2017Jun,2017,6,1,2016,9,23,281,143.9844,143.9844,143.9844,143.9844,0,0
TNM17,2017Jun,2017,6,1,2016,9,26,278,144.3281,144.3281,144.3281,144.3281,0,0
TNM17,2017Jun,2017,6,1,2016,9,27,277,144.7656,144.7656,144.7656,144.7656,0,0
TNM17,2017Jun,2017,6,1,2016,9,28,276,144.6094,144.6094,144.6094,144.6094,0,0
TNM17,2017Jun,2017,6,1,2016,9,29,275,144.7813,144.7813,144.7813,144.7813,0,0
TNM17,2017Jun,2017,6,1,2016,9,30,274,144.0938,144.0938,144.0938,144.0938,0,0
TNM17,2017Jun,2017,6,1,2016,10,3,271,143.9063,143.9063,143.9063,143.9063,0,0
TNM17,2017Jun,2017,6,1,2016,10,4,270,143.125,143.125,143.125,143.125,0,0
TNM17,2017Jun,2017,6,1,2016,10,5,269,142.7188,142.7188,142.7188,142.7188,0,0
TNM17,2017Jun,2017,6,1,2016,10,6,268,142.375,142.375,142.375,142.375,0,0
TNM17,2017Jun,2017,6,1,2016,10,7,267,142.5,142.5,142.5,142.5,0,0
TNM17,2017Jun,2017,6,1,2016,10,10,264,142.0625,142.0625,142.0625,142.0625,0,0
TNM17,2017Jun,2017,6,1,2016,10,11,263,142.1875,142.1875,142.1875,142.1875,0,0
TNM17,2017Jun,2017,6,1,2016,10,12,262,141.9844,141.9844,141.9844,141.9844,0,0
TNM17,2017Jun,2017,6,1,2016,10,13,261,142.5,142.5,142.5,142.5,0,0
TNM17,2017Jun,2017,6,1,2016,10,14,260,141.7969,141.7969,141.7969,141.7969,0,0
TNM17,2017Jun,2017,6,1,2016,10,17,257,142.1094,142.1094,142.1094,142.1094,0,0
TNM17,2017Jun,2017,6,1,2016,10,18,256,142.3125,142.3125,142.3125,142.3125,0,0
TNM17,2017Jun,2017,6,1,2016,10,19,255,142.2656,142.2656,142.2656,142.2656,0,0
TNM17,2017Jun,2017,6,1,2016,10,20,254,142.3594,142.3594,142.3594,142.3594,0,0
TNM17,2017Jun,2017,6,1,2016,10,21,253,142.4688,142.4688,142.4688,142.4688,0,0
TNM17,2017Jun,2017,6,1,2016,10,24,250,142.1563,142.1563,142.1563,142.1563,0,0
TNM17,2017Jun,2017,6,1,2016,10,25,249,142.2031,142.2031,142.2031,142.2031,0,0
TNM17,2017Jun,2017,6,1,2016,10,26,248,141.8281,141.8281,141.8281,141.8281,0,0
TNM17,2017Jun,2017,6,1,2016,10,27,247,141.1563,141.1563,141.1563,141.1563,0,0
TNM17,2017Jun,2017,6,1,2016,10,28,246,141.1563,141.1563,141.1563,141.1563,0,0
TNM17,2017Jun,2017,6,1,2016,10,31,243,141.2969,141.2969,141.2969,141.2969,0,0
TNM17,2017Jun,2017,6,1,2016,11,1,242,141.4531,141.4531,141.4531,141.4531,0,0
TNM17,2017Jun,2017,6,1,2016,11,2,241,141.7656,141.7656,141.7656,141.7656,0,0
TNM17,2017Jun,2017,6,1,2016,11,3,240,141.625,141.625,141.625,141.625,0,0
TNM17,2017Jun,2017,6,1,2016,11,4,239,142.0,142.0,142.0,142.0,0,0
TNM17,2017Jun,2017,6,1,2016,11,7,236,141.4688,141.4688,141.4688,141.4688,0,0
TNM17,2017Jun,2017,6,1,2016,11,8,235,140.9844,140.9844,140.9844,140.9844,0,0
TNM17,2017Jun,2017,6,1,2016,11,9,234,138.4063,138.4063,138.4063,138.4063,0,0
TNM17,2017Jun,2017,6,1,2016,11,10,233,137.625,137.625,137.625,137.625,0,0
TNM17,2017Jun,2017,6,1,2016,11,11,232,136.9844,136.9844,136.9844,136.9844,0,0
TNM17,2017Jun,2017,6,1,2016,11,14,229,136.2813,136.2813,136.2813,136.2813,0,0
TNM17,2017Jun,2017,6,1,2016,11,15,228,136.0156,136.0156,136.0156,136.0156,0,0
TNM17,2017Jun,2017,6,1,2016,11,16,227,136.0938,136.0938,136.0938,136.0938,0,0
TNM17,2017Jun,2017,6,1,2016,11,17,226,135.4375,135.4375,135.4375,135.4375,0,0
TNM17,2017Jun,2017,6,1,2016,11,18,225,134.6875,134.6875,134.6875,134.6875,0,0
TNM17,2017Jun,2017,6,1,2016,11,21,222,134.6875,134.6875,134.6875,134.6875,0,0
TNM17,2017Jun,2017,6,1,2016,11,22,221,134.9375,134.9375,134.9375,134.9375,0,0
TNM17,2017Jun,2017,6,1,2016,11,23,220,134.5156,134.5156,134.5156,134.5156,0,0
TNM17,2017Jun,2017,6,1,2016,11,25,218,134.375,134.375,134.375,134.375,0,0
TNM17,2017Jun,2017,6,1,2016,11,28,215,135.0156,135.0156,135.0156,135.0156,0,0
TNM17,2017Jun,2017,6,1,2016,11,29,214,135.2656,135.2656,135.2656,135.2656,0,0
TNM17,2017Jun,2017,6,1,2016,11,30,213,134.4375,134.4375,134.4375,134.4375,0,0
TNM17,2017Jun,2017,6,1,2016,12,1,212,133.5313,133.5313,133.5313,133.5313,0,0
TNM17,2017Jun,2017,6,1,2016,12,2,211,134.2031,134.2031,134.2031,134.2031,0,0
TNM17,2017Jun,2017,6,1,2016,12,5,208,134.2344,134.2344,134.2344,134.2344,0,0
TNM17,2017Jun,2017,6,1,2016,12,6,207,134.125,134.125,134.125,134.125,0,0
TNM17,2017Jun,2017,6,1,2016,12,7,206,134.7031,134.7031,134.7031,134.7031,0,0
TNM17,2017Jun,2017,6,1,2016,12,8,205,134.2188,134.2188,134.2188,134.2188,0,0
TNM17,2017Jun,2017,6,1,2016,12,9,204,133.4219,133.4219,133.4219,133.4219,0,0
TNM17,2017Jun,2017,6,1,2016,12,12,201,133.3438,133.3438,133.3438,133.3438,0,0
TNM17,2017Jun,2017,6,1,2016,12,13,200,133.4063,133.4063,133.4063,133.4063,0,0
TNM17,2017Jun,2017,6,1,2016,12,14,199,132.8281,132.8281,132.8281,132.8281,0,0
TNM17,2017Jun,2017,6,1,2016,12,15,198,132.2969,132.2969,132.2969,132.2969,0,0
TNM17,2017Jun,2017,6,1,2016,12,16,197,131.9688,131.9688,131.9688,131.9688,0,0
TNM17,2017Jun,2017,6,1,2016,12,19,194,132.625,132.625,132.625,132.625,0,0
TNM17,2017Jun,2017,6,1,2016,12,20,193,132.3438,132.3438,132.3438,132.3438,0,0
TNM17,2017Jun,2017,6,1,2016,12,21,192,132.1094,132.1094,132.1094,132.1094,0,0
TNM17,2017Jun,2017,6,1,2016,12,22,191,131.7969,131.7969,131.7969,131.7969,0,0
TNM17,2017Jun,2017,6,1,2016,12,23,190,131.9531,131.9531,131.9531,131.9531,0,0
TNM17,2017Jun,2017,6,1,2016,12,27,186,131.7188,131.7188,131.7188,131.7188,0,0
TNM17,2017Jun,2017,6,1,2016,12,28,185,132.375,132.375,132.375,132.375,0,0
TNM17,2017Jun,2017,6,1,2016,12,29,184,132.7344,132.7344,132.7344,132.7344,0,0
TNM17,2017Jun,2017,6,1,2016,12,30,183,133.3125,133.3125,133.3125,133.3125,0,0
TNM17,2017Jun,2017,6,1,2017,1,3,179,133.0938,133.0938,132.5156,133.0938,0,0
TNM17,2017Jun,2017,6,1,2017,1,4,178,132.9375,132.9375,132.9063,132.9375,0,0
TNM17,2017Jun,2017,6,1,2017,1,5,177,133.7969,133.7969,133.7969,133.7969,0,0
TNM17,2017Jun,2017,6,1,2017,1,6,176,133.2656,133.2656,133.2656,133.2656,0,0
TNM17,2017Jun,2017,6,1,2017,1,9,173,133.7969,133.7969,133.7969,133.7969,0,0
TNM17,2017Jun,2017,6,1,2017,1,10,172,133.6875,133.6875,133.6875,133.6875,0,0
TNM17,2017Jun,2017,6,1,2017,1,11,171,133.8281,133.8281,133.8281,133.8281,0,0
TNM17,2017Jun,2017,6,1,2017,1,12,170,133.9219,133.9219,133.9219,133.9219,0,0
TNM17,2017Jun,2017,6,1,2017,1,13,169,133.7344,133.7344,133.7344,133.7344,0,0
TNM17,2017Jun,2017,6,1,2017,1,17,165,134.3906,134.3906,134.3906,134.3906,0,0
TNM17,2017Jun,2017,6,1,2017,1,18,164,133.625,133.625,133.625,133.625,0,0
TNM17,2017Jun,2017,6,1,2017,1,19,163,132.7969,132.7969,132.7969,132.7969,0,0
TNM17,2017Jun,2017,6,1,2017,1,20,162,132.7656,132.7656,132.7656,132.7656,0,0
TNM17,2017Jun,2017,6,1,2017,1,23,159,133.5469,133.5469,133.5469,133.5469,0,0
TNM17,2017Jun,2017,6,1,2017,1,24,158,132.7031,132.7031,132.7031,132.7031,0,0
TNM17,2017Jun,2017,6,1,2017,1,25,157,132.0781,132.0781,132.0781,132.0781,0,0
TNM17,2017Jun,2017,6,1,2017,1,26,156,132.25,132.25,131.9063,132.25,0,0
TNM17,2017Jun,2017,6,1,2017,1,27,155,132.5469,132.5469,132.2344,132.5469,0,0
TNM17,2017Jun,2017,6,1,2017,1,30,152,132.5938,132.5938,132.5938,132.5938,0,0
TNM17,2017Jun,2017,6,1,2017,1,31,151,132.9688,132.9688,132.9688,132.9688,0,0
TNM17,2017Jun,2017,6,1,2017,2,1,150,132.5938,132.5938,132.2813,132.5938,0,0
TNM17,2017Jun,2017,6,1,2017,2,2,149,132.6406,132.8438,132.6406,132.6406,0,0
TNM17,2017Jun,2017,6,1,2017,2,3,148,132.4531,132.4531,132.4531,132.4531,0,0
TNM17,2017Jun,2017,6,1,2017,2,6,145,133.3906,133.3906,133.3906,133.3906,0,0
TNM17,2017Jun,2017,6,1,2017,2,7,144,133.7031,133.7031,133.7031,133.7031,0,0
TNM17,2017Jun,2017,6,1,2017,2,8,143,134.1563,134.1563,134.1563,134.1563,0,0
TNM17,2017Jun,2017,6,1,2017,2,9,142,133.3906,133.3906,133.3906,133.3906,0,0
TNM17,2017Jun,2017,6,1,2017,2,10,141,133.2188,133.2188,133.125,133.2188,0,0
TNM17,2017Jun,2017,6,1,2017,2,13,138,132.8906,132.8906,132.7188,132.8906,30,30
TNM17,2017Jun,2017,6,1,2017,2,14,137,132.4063,132.4063,132.0625,132.4063,21,41
TNM17,2017Jun,2017,6,1,2017,2,15,136,132.0,132.4844,131.8281,132.0156,1607,1558
TNM17,2017Jun,2017,6,1,2017,2,16,135,132.3594,132.7813,132.3594,132.6563,3309,4547
TNM17,2017Jun,2017,6,1,2017,2,17,134,132.5781,133.2969,132.5469,132.9844,9958,13573
TNM17,2017Jun,2017,6,1,2017,2,21,130,132.75,133.1406,132.5781,132.9844,21798,32785
TNM17,2017Jun,2017,6,1,2017,2,22,129,132.875,133.4219,132.6563,133.0938,116391,128416
TNM17,2017Jun,2017,6,1,2017,2,23,128,133.1563,133.6719,133.0781,133.5,131677,223271
TNM17,2017Jun,2017,6,1,2017,2,24,127,133.6563,134.4844,133.5625,134.3906,107019,274936
TNM17,2017Jun,2017,6,1,2017,2,27,124,134.4219,134.4219,133.7813,133.8281,85140,314788
TNM17,2017Jun,2017,6,1,2017,2,28,123,133.8594,134.2031,133.4063,133.9375,151138,326562
TNM17,2017Jun,2017,6,1,2017,3,1,122,133.4688,133.4844,132.5781,132.6719,120418,328414
TNM17,2017Jun,2017,6,1,2017,3,2,121,132.7813,132.7969,132.1563,132.375,81823,330988
TNM17,2017Jun,2017,6,1,2017,3,3,120,132.4844,132.6094,132.0625,132.4219,98253,331129
TNM17,2017Jun,2017,6,1,2017,3,6,117,132.4531,132.8281,132.2969,132.4219,63604,328828
TNM17,2017Jun,2017,6,1,2017,3,7,116,132.3125,132.4688,132.125,132.25,48431,330911
TNM17,2017Jun,2017,6,1,2017,3,8,115,132.1563,132.3125,131.4219,131.8281,113606,328520
TNM17,2017Jun,2017,6,1,2017,3,9,114,131.6875,131.7969,131.1563,131.2969,75583,326378
TNM17,2017Jun,2017,6,1,2017,3,10,113,131.1563,131.6875,131.0469,131.5313,88760,325512
TNM17,2017Jun,2017,6,1,2017,3,13,110,131.6094,131.8281,131.0313,131.25,49792,324763
TNM17,2017Jun,2017,6,1,2017,3,14,109,131.0313,131.5313,131.0,131.4219,55243,324224
TNM17,2017Jun,2017,6,1,2017,3,15,108,131.375,132.6406,131.375,132.4844,94756,323228
TNM17,2017Jun,2017,6,1,2017,3,16,107,132.5625,132.7031,132.0469,132.2969,77115,325820
TNM17,2017Jun,2017,6,1,2017,3,17,106,132.0,132.7344,132.0,132.5938,54891,330448
TNM17,2017Jun,2017,6,1,2017,3,20,103,132.5938,133.0781,132.4688,132.9531,52673,328861
TNM17,2017Jun,2017,6,1,2017,3,21,102,133.0469,133.6094,132.625,133.3906,114703,330531
TNM17,2017Jun,2017,6,1,2017,3,22,101,133.5469,134.0938,133.5156,133.8438,110905,332601
TNM17,2017Jun,2017,6,1,2017,3,23,100,133.75,133.9688,133.3438,133.5938,100333,334925
TNM17,2017Jun,2017,6,1,2017,3,24,99,133.5156,133.9063,133.375,133.8281,45568,333515
TNM17,2017Jun,2017,6,1,2017,3,27,96,133.7188,134.4375,133.7188,134.1094,55852,334065
TNM17,2017Jun,2017,6,1,2017,3,28,95,134.0313,134.3125,133.5313,133.6875,72021,334204
TNM17,2017Jun,2017,6,1,2017,3,29,94,133.5625,134.0625,133.4688,133.9531,60586,332755
TNM17,2017Jun,2017,6,1,2017,3,30,93,134.0156,134.125,133.4844,133.5938,60686,338184
TNM17,2017Jun,2017,6,1,2017,3,31,92,133.5469,133.9688,133.4375,133.8906,110119,337332
TNM17,2017Jun,2017,6,1,2017,4,3,89,133.9219,134.7969,133.7813,134.4688,93183,341552
TNM17,2017Jun,2017,6,1,2017,4,4,88,134.75,134.9063,134.25,134.4531,78288,345435
TNM17,2017Jun,2017,6,1,2017,4,5,87,134.2969,134.7344,134.0469,134.375,99332,351883
TNM17,2017Jun,2017,6,1,2017,4,6,86,134.6094,134.7031,134.25,134.5313,57681,349363
TNM17,2017Jun,2017,6,1,2017,4,7,85,134.5625,135.4688,134.0625,134.1875,128678,355341
TNM17,2017Jun,2017,6,1,2017,4,10,82,134.1094,134.5156,133.9531,134.3438,53048,359536
TNM17,2017Jun,2017,6,1,2017,4,11,81,134.3281,135.1875,134.3281,135.0781,83024,358725
TNM17,2017Jun,2017,6,1,2017,4,12,80,135.0625,135.8125,134.9375,135.1406,76321,356571
TNM17,2017Jun,2017,6,1,2017,4,13,79,135.8438,136.125,135.4844,135.9688,82031,356498
TNM17,2017Jun,2017,6,1,2017,4,17,75,136.1094,136.3906,135.6094,135.7188,42251,352584
TNM17,2017Jun,2017,6,1,2017,4,18,74,135.6563,136.7656,135.625,136.5938,67154,351455
TNM17,2017Jun,2017,6,1,2017,4,19,73,136.6875,136.7031,136.0469,136.2813,59175,352354
TNM17,2017Jun,2017,6,1,2017,4,20,72,136.1719,136.3594,135.625,135.8281,75085,350518
TNM17,2017Jun,2017,6,1,2017,4,21,71,135.9063,136.2344,135.75,135.9063,59495,351218
TNM17,2017Jun,2017,6,1,2017,4,24,68,135.2188,135.5469,134.7813,135.4688,98720,350229
TNM17,2017Jun,2017,6,1,2017,4,25,67,135.5156,135.5625,134.6719,134.8594,74365,351686
TNM17,2017Jun,2017,6,1,2017,4,26,66,134.7969,135.2031,134.625,135.0938,86230,353876
TNM17,2017Jun,2017,6,1,2017,4,27,65,135.1875,135.4531,134.9688,135.2813,76658,354302
TNM17,2017Jun,2017,6,1,2017,4,28,64,135.2813,135.5,134.7813,135.4531,100172,347747
TNM17,2017Jun,2017,6,1,2017,5,1,61,135.4375,135.5781,134.8125,134.9688,64491,343294
TNM17,2017Jun,2017,6,1,2017,5,2,60,135.0469,135.4844,134.8281,135.3125,75164,346813
TNM17,2017Jun,2017,6,1,2017,5,3,59,135.4688,135.5313,134.9531,135.1719,93290,352013
TNM17,2017Jun,2017,6,1,2017,5,4,58,135.0781,135.0781,134.4844,134.6406,82563,345788
TNM17,2017Jun,2017,6,1,2017,5,5,57,134.6406,134.8906,134.2344,134.7031,77517,344289
TNM17,2017Jun,2017,6,1,2017,5,8,54,134.5625,135.0,134.25,134.4375,67489,345868
TNM17,2017Jun,2017,6,1,2017,5,9,53,134.2969,134.4219,133.9688,134.0781,63197,345096
TNM17,2017Jun,2017,6,1,2017,5,10,52,134.1719,134.5313,133.9531,133.9844,90932,345660
TNM17,2017Jun,2017,6,1,2017,5,11,51,134.0,134.2344,133.8281,134.0938,77710,345577
TNM17,2017Jun,2017,6,1,2017,5,12,50,134.2344,135.0,134.1875,134.8594,94769,344688
TNM17,2017Jun,2017,6,1,2017,5,15,47,134.9688,135.0938,134.6563,134.7969,54168,348798
TNM17,2017Jun,2017,6,1,2017,5,16,46,134.7656,135.1875,134.5469,134.9219,76403,347968
TNM17,2017Jun,2017,6,1,2017,5,17,45,134.9844,136.2969,134.9531,136.25,136302,339741
TNM17,2017Jun,2017,6,1,2017,5,18,44,136.2031,136.6875,135.8906,136.0938,158367,340174
TNM17,2017Jun,2017,6,1,2017,5,19,43,136.0781,136.1875,135.7656,135.9844,79764,337144
TNM17,2017Jun,2017,6,1,2017,5,22,40,136.0625,136.0938,135.8438,135.875,90321,309644
TNM17,2017Jun,2017,6,1,2017,5,23,39,135.8594,136.2188,135.4531,135.5156,155700,258778
TNM17,2017Jun,2017,6,1,2017,5,24,38,135.5469,135.9375,135.3594,135.7188,168129,190015
TNM17,2017Jun,2017,6,1,2017,5,25,37,135.9063,136.0,135.7031,135.875,189060,114309
TNM17,2017Jun,2017,6,1,2017,5,26,36,135.8438,136.1875,135.8438,135.9844,116246,54123
TNM17,2017Jun,2017,6,1,2017,5,30,32,135.9844,136.4844,135.8125,136.375,98511,21739
TNM17,2017Jun,2017,6,1,2017,5,31,31,136.4219,136.625,136.1719,136.625,18480,16115
TNM17,2017Jun,2017,6,1,2017,6,1,30,136.4688,136.4844,136.125,136.3906,12440,12401
TNM17,2017Jun,2017,6,1,2017,6,2,29,136.4375,137.2656,136.3281,137.0625,5890,9925
TNM17,2017Jun,2017,6,1,2017,6,5,26,137.0469,137.1563,136.7344,136.8438,4109,7928
TNM17,2017Jun,2017,6,1,2017,6,6,25,136.8594,137.4531,136.8125,137.2656,3787,4853
TNM17,2017Jun,2017,6,1,2017,6,7,24,137.1875,137.2813,136.875,136.9063,3414,3033
TNM17,2017Jun,2017,6,1,2017,6,8,23,136.9063,136.9375,136.4844,136.7344,2375,2146
TNM17,2017Jun,2017,6,1,2017,6,9,22,136.8906,137.0625,136.375,136.7344,749,1941
TNM17,2017Jun,2017,6,1,2017,6,12,19,136.5938,136.8594,136.4375,136.5625,241,1732
TNM17,2017Jun,2017,6,1,2017,6,13,18,136.5781,136.7188,136.4219,136.6406,78,1726
TNM17,2017Jun,2017,6,1,2017,6,14,17,136.9688,137.875,136.5781,137.4844,1360,836
TNM17,2017Jun,2017,6,1,2017,6,15,16,137.2656,137.6406,137.1719,137.2344,188,782
TNM17,2017Jun,2017,6,1,2017,6,16,15,137.375,137.4688,137.0469,137.3125,255,689
TNM17,2017Jun,2017,6,1,2017,6,19,12,137.1875,137.5156,136.9219,136.9531,198,615
TNM17,2017Jun,2017,6,1,2017,6,20,11,137.3906,137.3906,137.3125,137.3906,116,529
TNM17,2017Jun,2017,6,1,2017,6,21,10,137.2344,137.3281,137.2344,137.3281,146,0
TNU17,2017Sep,2017,9,1,2016,12,20,285,132.3438,132.3438,132.3438,132.3438,0,0
TNU17,2017Sep,2017,9,1,2016,12,21,284,132.1094,132.1094,132.1094,132.1094,0,0
TNU17,2017Sep,2017,9,1,2016,12,22,283,131.7969,131.7969,131.7969,131.7969,0,0
TNU17,2017Sep,2017,9,1,2016,12,23,282,131.9531,131.9531,131.9531,131.9531,0,0
TNU17,2017Sep,2017,9,1,2016,12,27,278,131.7188,131.7188,131.7188,131.7188,0,0
TNU17,2017Sep,2017,9,1,2016,12,28,277,132.375,132.375,132.375,132.375,0,0
TNU17,2017Sep,2017,9,1,2016,12,29,276,132.7344,132.7344,132.7344,132.7344,0,0
TNU17,2017Sep,2017,9,1,2016,12,30,275,133.3125,133.3125,133.3125,133.3125,0,0
TNU17,2017Sep,2017,9,1,2017,1,3,271,133.0938,133.0938,133.0938,133.0938,0,0
TNU17,2017Sep,2017,9,1,2017,1,4,270,132.9375,132.9375,132.9375,132.9375,0,0
TNU17,2017Sep,2017,9,1,2017,1,5,269,133.7969,133.7969,133.7969,133.7969,0,0
TNU17,2017Sep,2017,9,1,2017,1,6,268,133.2656,133.2656,133.2656,133.2656,0,0
TNU17,2017Sep,2017,9,1,2017,1,9,265,133.7969,133.7969,133.7969,133.7969,0,0
TNU17,2017Sep,2017,9,1,2017,1,10,264,133.6875,133.6875,133.6875,133.6875,0,0
TNU17,2017Sep,2017,9,1,2017,1,11,263,133.8281,133.8281,133.8281,133.8281,0,0
TNU17,2017Sep,2017,9,1,2017,1,12,262,133.9219,133.9219,133.9219,133.9219,0,0
TNU17,2017Sep,2017,9,1,2017,1,13,261,133.7344,133.7344,133.7344,133.7344,0,0
TNU17,2017Sep,2017,9,1,2017,1,17,257,134.3906,134.3906,134.3906,134.3906,0,0
TNU17,2017Sep,2017,9,1,2017,1,18,256,133.625,133.625,133.625,133.625,0,0
TNU17,2017Sep,2017,9,1,2017,1,19,255,132.7969,132.7969,132.7969,132.7969,0,0
TNU17,2017Sep,2017,9,1,2017,1,20,254,132.7656,132.7656,132.7656,132.7656,0,0
TNU17,2017Sep,2017,9,1,2017,1,23,251,133.5469,133.5469,133.5469,133.5469,0,0
TNU17,2017Sep,2017,9,1,2017,1,24,250,132.7031,132.7031,132.7031,132.7031,0,0
TNU17,2017Sep,2017,9,1,2017,1,25,249,132.0781,132.0781,132.0781,132.0781,0,0
TNU17,2017Sep,2017,9,1,2017,1,26,248,132.25,132.25,132.25,132.25,0,0
TNU17,2017Sep,2017,9,1,2017,1,27,247,132.5469,132.5469,132.5469,132.5469,0,0
TNU17,2017Sep,2017,9,1,2017,1,30,244,132.5938,132.5938,132.5938,132.5938,0,0
TNU17,2017Sep,2017,9,1,2017,1,31,243,132.9688,132.9688,132.9688,132.9688,0,0
TNU17,2017Sep,2017,9,1,2017,2,1,242,132.5938,132.5938,132.5938,132.5938,0,0
TNU17,2017Sep,2017,9,1,2017,2,2,241,132.6406,132.6406,132.6406,132.6406,0,0
TNU17,2017Sep,2017,9,1,2017,2,3,240,132.4531,132.4531,132.4531,132.4531,0,0
TNU17,2017Sep,2017,9,1,2017,2,6,237,133.3906,133.3906,133.3906,133.3906,0,0
TNU17,2017Sep,2017,9,1,2017,2,7,236,133.7031,133.7031,133.7031,133.7031,0,0
TNU17,2017Sep,2017,9,1,2017,2,8,235,134.1563,134.1563,134.1563,134.1563,0,0
TNU17,2017Sep,2017,9,1,2017,2,9,234,133.3906,133.3906,133.3906,133.3906,0,0
TNU17,2017Sep,2017,9,1,2017,2,10,233,133.2188,133.2188,133.2188,133.2188,0,0
TNU17,2017Sep,2017,9,1,2017,2,13,230,132.8906,132.8906,132.8906,132.8906,0,0
TNU17,2017Sep,2017,9,1,2017,2,14,229,132.4063,132.4063,132.4063,132.4063,0,0
TNU17,2017Sep,2017,9,1,2017,2,15,228,132.0156,132.0156,132.0156,132.0156,0,0
TNU17,2017Sep,2017,9,1,2017,2,16,227,132.6563,132.6563,132.6563,132.6563,0,0
TNU17,2017Sep,2017,9,1,2017,2,17,226,132.9844,132.9844,132.9844,132.9844,0,0
TNU17,2017Sep,2017,9,1,2017,2,21,222,132.9844,132.9844,132.9844,132.9844,0,0
TNU17,2017Sep,2017,9,1,2017,2,22,221,133.0938,133.0938,133.0938,133.0938,0,0
TNU17,2017Sep,2017,9,1,2017,2,23,220,133.5,133.5,133.5,133.5,0,0
TNU17,2017Sep,2017,9,1,2017,2,24,219,134.3906,134.3906,134.3906,134.3906,0,0
TNU17,2017Sep,2017,9,1,2017,2,27,216,133.8281,133.8281,133.8281,133.8281,0,0
TNU17,2017Sep,2017,9,1,2017,2,28,215,133.9375,133.9375,133.9375,133.9375,0,0
TNU17,2017Sep,2017,9,1,2017,3,1,214,132.6719,132.6719,132.6719,132.6719,0,0
TNU17,2017Sep,2017,9,1,2017,3,2,213,132.375,132.375,132.375,132.375,0,0
TNU17,2017Sep,2017,9,1,2017,3,3,212,132.4219,132.4219,132.4219,132.4219,0,0
TNU17,2017Sep,2017,9,1,2017,3,6,209,132.4219,132.4219,132.4219,132.4219,0,0
TNU17,2017Sep,2017,9,1,2017,3,7,208,132.25,132.25,132.25,132.25,0,0
TNU17,2017Sep,2017,9,1,2017,3,8,207,131.8281,131.8281,131.8281,131.8281,0,0
TNU17,2017Sep,2017,9,1,2017,3,9,206,131.2969,131.2969,131.2969,131.2969,0,0
TNU17,2017Sep,2017,9,1,2017,3,10,205,131.5313,131.5313,131.5313,131.5313,0,0
TNU17,2017Sep,2017,9,1,2017,3,13,202,131.25,131.25,131.25,131.25,0,0
TNU17,2017Sep,2017,9,1,2017,3,14,201,131.4219,131.4219,131.4219,131.4219,0,0
TNU17,2017Sep,2017,9,1,2017,3,15,200,132.4844,132.4844,132.4844,132.4844,0,0
TNU17,2017Sep,2017,9,1,2017,3,16,199,132.2969,132.2969,132.2969,132.2969,0,0
TNU17,2017Sep,2017,9,1,2017,3,17,198,132.5938,132.5938,132.5938,132.5938,0,0
TNU17,2017Sep,2017,9,1,2017,3,20,195,132.9531,132.9531,132.9531,132.9531,0,0
TNU17,2017Sep,2017,9,1,2017,3,21,194,133.2656,133.2656,132.1406,133.2656,0,0
TNU17,2017Sep,2017,9,1,2017,3,22,193,133.7188,133.7188,133.7188,133.7188,0,0
TNU17,2017Sep,2017,9,1,2017,3,23,192,133.1563,133.1563,133.1563,133.1563,0,0
TNU17,2017Sep,2017,9,1,2017,3,24,191,133.3281,133.3281,133.1406,133.3281,0,0
TNU17,2017Sep,2017,9,1,2017,3,27,188,133.3594,133.3594,133.3594,133.3594,0,0
TNU17,2017Sep,2017,9,1,2017,3,28,187,132.9375,132.9375,132.9375,132.9375,0,0
TNU17,2017Sep,2017,9,1,2017,3,29,186,133.2031,133.2031,133.2031,133.2031,0,0
TNU17,2017Sep,2017,9,1,2017,3,30,185,132.8438,132.8438,132.8438,132.8438,0,0
TNU17,2017Sep,2017,9,1,2017,3,31,184,133.1406,133.1406,133.1406,133.1406,0,0
TNU17,2017Sep,2017,9,1,2017,4,3,181,133.7188,133.7188,133.7188,133.7188,0,0
TNU17,2017Sep,2017,9,1,2017,4,4,180,133.7031,133.7031,133.7031,133.7031,0,0
TNU17,2017Sep,2017,9,1,2017,4,5,179,133.625,133.625,133.625,133.625,0,0
TNU17,2017Sep,2017,9,1,2017,4,6,178,133.7813,133.7813,133.7813,133.7813,0,0
TNU17,2017Sep,2017,9,1,2017,4,7,177,133.4375,133.4375,133.4375,133.4375,0,0
TNU17,2017Sep,2017,9,1,2017,4,10,174,133.5938,133.5938,133.5938,133.5938,0,0
TNU17,2017Sep,2017,9,1,2017,4,11,173,134.3281,134.3281,134.3281,134.3281,0,0
TNU17,2017Sep,2017,9,1,2017,4,12,172,134.3906,134.3906,134.3906,134.3906,0,0
TNU17,2017Sep,2017,9,1,2017,4,13,171,135.2188,135.2188,135.2188,135.2188,0,0
TNU17,2017Sep,2017,9,1,2017,4,17,167,134.9688,134.9688,134.9688,134.9688,0,0
TNU17,2017Sep,2017,9,1,2017,4,18,166,135.8438,135.8438,135.8438,135.8438,0,0
TNU17,2017Sep,2017,9,1,2017,4,19,165,135.5313,135.5313,135.5313,135.5313,0,0
TNU17,2017Sep,2017,9,1,2017,4,20,164,135.0781,135.0781,135.0781,135.0781,0,0
TNU17,2017Sep,2017,9,1,2017,4,21,163,135.1563,135.1563,135.1563,135.1563,0,0
TNU17,2017Sep,2017,9,1,2017,4,24,160,134.7188,134.7188,134.6563,134.7188,0,0
TNU17,2017Sep,2017,9,1,2017,4,25,159,134.1094,134.1094,134.1094,134.1094,0,0
TNU17,2017Sep,2017,9,1,2017,4,26,158,134.3438,134.3438,134.3438,134.3438,0,0
TNU17,2017Sep,2017,9,1,2017,4,27,157,134.5313,134.5313,134.5313,134.5313,0,0
TNU17,2017Sep,2017,9,1,2017,4,28,156,134.7031,134.7031,134.7031,134.7031,0,0
TNU17,2017Sep,2017,9,1,2017,5,1,153,134.2188,134.2188,134.2188,134.2188,0,0
TNU17,2017Sep,2017,9,1,2017,5,2,152,134.5625,134.5625,134.5625,134.5625,0,0
TNU17,2017Sep,2017,9,1,2017,5,3,151,134.4219,134.4219,134.4219,134.4219,0,0
TNU17,2017Sep,2017,9,1,2017,5,4,150,133.8906,133.8906,133.8906,133.8906,0,0
TNU17,2017Sep,2017,9,1,2017,5,5,149,133.9531,133.9531,133.7969,133.9531,0,0
TNU17,2017Sep,2017,9,1,2017,5,8,146,133.625,133.625,133.5469,133.625,0,0
TNU17,2017Sep,2017,9,1,2017,5,9,145,133.2344,133.2344,133.2344,133.2344,0,0
TNU17,2017Sep,2017,9,1,2017,5,10,144,133.125,133.5,133.125,133.125,0,0
TNU17,2017Sep,2017,9,1,2017,5,11,143,133.2344,133.3281,132.9844,133.2344,0,0
TNU17,2017Sep,2017,9,1,2017,5,12,142,134.0,134.0938,134.0,134.0,0,0
TNU17,2017Sep,2017,9,1,2017,5,15,139,133.9219,134.1875,133.7969,133.9219,61,61
TNU17,2017Sep,2017,9,1,2017,5,16,138,133.9531,134.2656,133.6875,134.0313,4494,4323
TNU17,2017Sep,2017,9,1,2017,5,17,137,134.375,135.4063,134.3594,135.3594,13154,14808
TNU17,2017Sep,2017,9,1,2017,5,18,136,135.0781,135.7813,135.0,135.2031,6459,17005
TNU17,2017Sep,2017,9,1,2017,5,19,135,135.2031,135.2969,134.8906,135.0938,6941,19003
TNU17,2017Sep,2017,9,1,2017,5,22,132,135.125,135.1875,134.9688,135.0,38999,50775
TNU17,2017Sep,2017,9,1,2017,5,23,131,135.0313,135.3281,134.5625,134.625,76476,111974
TNU17,2017Sep,2017,9,1,2017,5,24,130,134.6719,135.0625,134.4688,134.8438,108003,198394
TNU17,2017Sep,2017,9,1,2017,5,25,129,135.0313,135.125,134.8281,134.9844,120474,279177
TNU17,2017Sep,2017,9,1,2017,5,26,128,134.9688,135.3125,134.9688,135.0938,85446,315870
TNU17,2017Sep,2017,9,1,2017,5,30,124,135.125,135.5938,134.9375,135.4844,76216,353251
TNU17,2017Sep,2017,9,1,2017,5,31,123,135.4688,135.75,135.2969,135.7344,102501,357119
TNU17,2017Sep,2017,9,1,2017,6,1,122,135.5938,135.625,135.2344,135.5156,91483,356606
TNU17,2017Sep,2017,9,1,2017,6,2,121,135.5781,136.4063,135.4375,136.2031,121669,359908
TNU17,2017Sep,2017,9,1,2017,6,5,118,136.2031,136.2969,135.8594,135.9688,58598,359303
TNU17,2017Sep,2017,9,1,2017,6,6,117,135.9844,136.5938,135.9375,136.3906,83025,359869
TNU17,2017Sep,2017,9,1,2017,6,7,116,136.4219,136.4375,136.0156,136.0469,78613,364451
TNU17,2017Sep,2017,9,1,2017,6,8,115,136.0625,136.0781,135.625,135.875,78131,364616
TNU17,2017Sep,2017,9,1,2017,6,9,114,136.0156,136.2344,135.5156,135.875,74920,362533
TNU17,2017Sep,2017,9,1,2017,6,12,111,135.875,136.0469,135.5938,135.7188,72190,361906
TNU17,2017Sep,2017,9,1,2017,6,13,110,135.6406,135.875,135.5625,135.7969,73747,364349
TNU17,2017Sep,2017,9,1,2017,6,14,109,135.75,137.0625,135.7188,136.625,196822,378494
TNU17,2017Sep,2017,9,1,2017,6,15,108,136.75,136.8281,136.2188,136.3438,95693,380933
TNU17,2017Sep,2017,9,1,2017,6,16,107,136.3281,136.5938,136.1563,136.4375,77786,380625
TNU17,2017Sep,2017,9,1,2017,6,19,104,136.4844,136.6563,136.0156,136.0625,81661,378519
TNU17,2017Sep,2017,9,1,2017,6,20,103,136.0469,136.5313,135.9531,136.5156,96775,378363
TNU17,2017Sep,2017,9,1,2017,6,21,102,136.4219,136.625,136.2031,136.4844,93130,375293
TNU17,2017Sep,2017,9,1,2017,6,22,101,136.375,136.6719,136.3594,136.5156,74529,377032
TNU17,2017Sep,2017,9,1,2017,6,23,100,136.5781,136.625,136.3438,136.6094,60291,380410
TNU17,2017Sep,2017,9,1,2017,6,26,97,136.5781,136.8906,136.4219,136.7188,75315,384269
TNU17,2017Sep,2017,9,1,2017,6,27,96,136.7188,136.8438,135.7656,135.9844,111862,386650
TNU17,2017Sep,2017,9,1,2017,6,28,95,135.9219,136.0313,135.3125,135.7344,154561,389968
TNU17,2017Sep,2017,9,1,2017,6,29,94,135.6563,135.7344,134.8281,135.1875,129906,394153
TNU17,2017Sep,2017,9,1,2017,6,30,93,135.1875,135.25,134.7031,134.8125,163441,391450
TNU17,2017Sep,2017,9,1,2017,7,3,90,134.7969,134.9375,134.1719,134.2656,78719,395851
TNU17,2017Sep,2017,9,1,2017,7,5,88,134.2344,134.7969,134.1406,134.4219,107694,389082
TNU17,2017Sep,2017,9,1,2017,7,6,87,134.5313,134.5781,133.7656,134.0,125144,388138
TNU17,2017Sep,2017,9,1,2017,7,7,86,134.0313,134.1094,133.7031,133.7656,96367,391551
TNU17,2017Sep,2017,9,1,2017,7,10,83,133.8281,134.1094,133.7656,134.0156,66443,395184
TNU17,2017Sep,2017,9,1,2017,7,11,82,133.9375,134.2188,133.75,134.125,85938,392805
TNU17,2017Sep,2017,9,1,2017,7,12,81,134.125,134.8438,134.0938,134.5469,131814,393364
TNU17,2017Sep,2017,9,1,2017,7,13,80,134.5938,134.8125,134.1094,134.3125,86664,395046
TNU17,2017Sep,2017,9,1,2017,7,14,79,134.3438,135.1563,134.2188,134.6563,120050,390420
TNU17,2017Sep,2017,9,1,2017,7,17,76,134.5,134.8906,134.5,134.7813,67085,395195
TNU17,2017Sep,2017,9,1,2017,7,18,75,134.6875,135.4063,134.6875,135.3281,98891,390686
TNU17,2017Sep,2017,9,1,2017,7,19,74,135.3281,135.4219,135.1094,135.2813,75819,391587
TNU17,2017Sep,2017,9,1,2017,7,20,73,135.25,135.6406,135.1875,135.3125,99161,393253
TNU17,2017Sep,2017,9,1,2017,7,21,72,135.3281,135.7969,135.2656,135.7031,65886,395175
TNU17,2017Sep,2017,9,1,2017,7,24,69,135.6563,135.7656,135.3906,135.4688,61266,391126
TNU17,2017Sep,2017,9,1,2017,7,25,68,135.4375,135.5469,134.4844,134.6094,112356,401906
TNU17,2017Sep,2017,9,1,2017,7,26,67,134.5156,135.2188,134.4844,135.1406,108141,400818
TNU17,2017Sep,2017,9,1,2017,7,27,66,135.0781,135.2344,134.625,134.8281,120641,405915
TNU17,2017Sep,2017,9,1,2017,7,28,65,134.8438,135.125,134.5,135.0938,88048,410041
TNU17,2017Sep,2017,9,1,2017,7,31,62,135.1094,135.2656,134.8906,135.0469,102593,406975
TNU17,2017Sep,2017,9,1,2017,8,1,61,134.9844,135.5469,134.7031,135.5313,127503,403257
TNU17,2017Sep,2017,9,1,2017,8,2,60,135.4688,135.625,135.1406,135.4063,111417,401597
TNU17,2017Sep,2017,9,1,2017,8,3,59,135.2969,135.9375,135.2813,135.8125,99461,405320
TNU17,2017Sep,2017,9,1,2017,8,4,58,135.875,135.9219,135.1094,135.3438,87716,409065
TNU17,2017Sep,2017,9,1,2017,8,7,55,135.3594,135.5469,135.1875,135.5,53342,409900
TNU17,2017Sep,2017,9,1,2017,8,8,54,135.5,135.5625,135.0781,135.2031,68313,416340
TNU17,2017Sep,2017,9,1,2017,8,9,53,135.4375,136.0313,135.4375,135.6719,98303,412591
TNU17,2017Sep,2017,9,1,2017,8,10,52,135.5938,136.1875,135.4844,136.0156,88403,409748
TNU17,2017Sep,2017,9,1,2017,8,11,51,136.1563,136.4219,135.8906,136.2969,100108,410937
TNU17,2017Sep,2017,9,1,2017,8,14,48,136.2188,136.2656,135.8281,135.9531,78957,413762
TNU17,2017Sep,2017,9,1,2017,8,15,47,135.9375,135.9531,135.1719,135.3906,94958,417934
TNU17,2017Sep,2017,9,1,2017,8,16,46,135.2969,135.9219,135.1406,135.8594,93018,0
TNZ17,2017Dec,2017,12,1,2017,3,22,284,133.7188,133.7188,133.7188,133.7188,0,0
TNZ17,2017Dec,2017,12,1,2017,3,23,283,133.1563,133.1563,133.1563,133.1563,0,0
TNZ17,2017Dec,2017,12,1,2017,3,24,282,133.3281,133.3281,133.3281,133.3281,0,0
TNZ17,2017Dec,2017,12,1,2017,3,27,279,133.3594,133.3594,133.3594,133.3594,0,0
TNZ17,2017Dec,2017,12,1,2017,3,28,278,132.9375,132.9375,132.9375,132.9375,0,0
TNZ17,2017Dec,2017,12,1,2017,3,29,277,133.2031,133.2031,133.2031,133.2031,0,0
TNZ17,2017Dec,2017,12,1,2017,3,30,276,132.8438,132.8438,132.8438,132.8438,0,0
TNZ17,2017Dec,2017,12,1,2017,3,31,275,133.1406,133.1406,133.1406,133.1406,0,0
TNZ17,2017Dec,2017,12,1,2017,4,3,272,133.7188,133.7188,133.7188,133.7188,0,0
TNZ17,2017Dec,2017,12,1,2017,4,4,271,133.7031,133.7031,133.7031,133.7031,0,0
TNZ17,2017Dec,2017,12,1,2017,4,5,270,133.625,133.625,133.625,133.625,0,0
TNZ17,2017Dec,2017,12,1,2017,4,6,269,133.7813,133.7813,133.7813,133.7813,0,0
TNZ17,2017Dec,2017,12,1,2017,4,7,268,133.4375,133.4375,133.4375,133.4375,0,0
TNZ17,2017Dec,2017,12,1,2017,4,10,265,133.5938,133.5938,133.5938,133.5938,0,0
TNZ17,2017Dec,2017,12,1,2017,4,11,264,134.3281,134.3281,134.3281,134.3281,0,0
TNZ17,2017Dec,2017,12,1,2017,4,12,263,134.3906,134.3906,134.3906,134.3906,0,0
TNZ17,2017Dec,2017,12,1,2017,4,13,262,135.2188,135.2188,135.2188,135.2188,0,0
TNZ17,2017Dec,2017,12,1,2017,4,17,258,134.9688,134.9688,134.9688,134.9688,0,0
TNZ17,2017Dec,2017,12,1,2017,4,18,257,135.8438,135.8438,135.8438,135.8438,0,0
TNZ17,2017Dec,2017,12,1,2017,4,19,256,135.5313,135.5313,135.5313,135.5313,0,0
TNZ17,2017Dec,2017,12,1,2017,4,20,255,135.0781,135.0781,135.0781,135.0781,0,0
TNZ17,2017Dec,2017,12,1,2017,4,21,254,135.1563,135.1563,135.1563,135.1563,0,0
TNZ17,2017Dec,2017,12,1,2017,4,24,251,134.7188,134.7188,134.7188,134.7188,0,0
TNZ17,2017Dec,2017,12,1,2017,4,25,250,134.1094,134.1094,134.1094,134.1094,0,0
TNZ17,2017Dec,2017,12,1,2017,4,26,249,134.3438,134.3438,134.3438,134.3438,0,0
TNZ17,2017Dec,2017,12,1,2017,4,27,248,134.5313,134.5313,134.5313,134.5313,0,0
TNZ17,2017Dec,2017,12,1,2017,4,28,247,134.7031,134.7031,134.7031,134.7031,0,0
TNZ17,2017Dec,2017,12,1,2017,5,1,244,134.2188,134.2188,134.2188,134.2188,0,0
TNZ17,2017Dec,2017,12,1,2017,5,2,243,134.5625,134.5625,134.5625,134.5625,0,0
TNZ17,2017Dec,2017,12,1,2017,5,3,242,134.4219,134.4219,134.4219,134.4219,0,0
TNZ17,2017Dec,2017,12,1,2017,5,4,241,133.8906,133.8906,133.8906,133.8906,0,0
TNZ17,2017Dec,2017,12,1,2017,5,5,240,133.9531,133.9531,133.9531,133.9531,0,0
TNZ17,2017Dec,2017,12,1,2017,5,8,237,133.625,133.625,133.625,133.625,0,0
TNZ17,2017Dec,2017,12,1,2017,5,9,236,133.2344,133.2344,133.2344,133.2344,0,0
TNZ17,2017Dec,2017,12,1,2017,5,10,235,133.125,133.125,133.125,133.125,0,0
TNZ17,2017Dec,2017,12,1,2017,5,11,234,133.2344,133.2344,133.2344,133.2344,0,0
TNZ17,2017Dec,2017,12,1,2017,5,12,233,134.0,134.0,134.0,134.0,0,0
TNZ17,2017Dec,2017,12,1,2017,5,15,230,133.9219,133.9219,133.9219,133.9219,0,0
TNZ17,2017Dec,2017,12,1,2017,5,16,229,134.0313,134.0313,134.0313,134.0313,0,0
TNZ17,2017Dec,2017,12,1,2017,5,17,228,135.3594,135.3594,135.3594,135.3594,0,0
TNZ17,2017Dec,2017,12,1,2017,5,18,227,135.2031,135.2031,135.2031,135.2031,0,0
TNZ17,2017Dec,2017,12,1,2017,5,19,226,135.0938,135.0938,135.0938,135.0938,0,0
TNZ17,2017Dec,2017,12,1,2017,5,22,223,135.0,135.0,135.0,135.0,0,0
TNZ17,2017Dec,2017,12,1,2017,5,23,222,134.625,134.625,134.625,134.625,0,0
TNZ17,2017Dec,2017,12,1,2017,5,24,221,134.8438,134.8438,134.8438,134.8438,0,0
TNZ17,2017Dec,2017,12,1,2017,5,25,220,134.9844,134.9844,134.9844,134.9844,0,0
TNZ17,2017Dec,2017,12,1,2017,5,26,219,135.0938,135.0938,135.0938,135.0938,0,0
TNZ17,2017Dec,2017,12,1,2017,5,30,215,135.4844,135.4844,135.4844,135.4844,0,0
TNZ17,2017Dec,2017,12,1,2017,5,31,214,135.7344,135.7344,135.7344,135.7344,0,0
TNZ17,2017Dec,2017,12,1,2017,6,1,213,135.5156,135.5156,135.5156,135.5156,0,0
TNZ17,2017Dec,2017,12,1,2017,6,2,212,136.2031,136.2031,136.2031,136.2031,0,0
TNZ17,2017Dec,2017,12,1,2017,6,5,209,135.9688,135.9688,135.9688,135.9688,0,0
TNZ17,2017Dec,2017,12,1,2017,6,6,208,136.3906,136.3906,136.3906,136.3906,0,0
TNZ17,2017Dec,2017,12,1,2017,6,7,207,136.0469,136.0469,136.0469,136.0469,0,0
TNZ17,2017Dec,2017,12,1,2017,6,8,206,135.875,135.875,135.875,135.875,0,0
TNZ17,2017Dec,2017,12,1,2017,6,9,205,135.875,135.875,135.875,135.875,0,0
TNZ17,2017Dec,2017,12,1,2017,6,12,202,135.7188,135.7188,135.7188,135.7188,0,0
TNZ17,2017Dec,2017,12,1,2017,6,13,201,135.7969,135.7969,135.7969,135.7969,0,0
TNZ17,2017Dec,2017,12,1,2017,6,14,200,136.625,136.625,136.625,136.625,0,0
TNZ17,2017Dec,2017,12,1,2017,6,15,199,136.3438,136.3438,136.3438,136.3438,0,0
TNZ17,2017Dec,2017,12,1,2017,6,16,198,136.4375,136.4375,136.4375,136.4375,0,0
TNZ17,2017Dec,2017,12,1,2017,6,19,195,136.0625,136.0625,136.0625,136.0625,0,0
TNZ17,2017Dec,2017,12,1,2017,6,20,194,136.5156,136.5156,136.5156,136.5156,0,0
TNZ17,2017Dec,2017,12,1,2017,6,21,193,136.4844,136.4844,136.4844,136.4844,0,0
TNZ17,2017Dec,2017,12,1,2017,6,22,192,136.5156,136.5156,136.5156,136.5156,0,0
TNZ17,2017Dec,2017,12,1,2017,6,23,191,136.6094,136.6094,136.6094,136.6094,0,0
TNZ17,2017Dec,2017,12,1,2017,6,26,188,136.5625,136.5625,136.5625,136.5625,0,0
TNZ17,2017Dec,2017,12,1,2017,6,27,187,135.7031,135.7031,135.6875,135.7031,0,0
TNZ17,2017Dec,2017,12,1,2017,6,28,186,135.4531,135.4531,135.4531,135.4531,0,0
TNZ17,2017Dec,2017,12,1,2017,6,29,185,134.9063,134.9063,134.75,134.9063,0,0
TNZ17,2017Dec,2017,12,1,2017,6,30,184,134.5313,134.5313,134.5313,134.5313,0,0
TNZ17,2017Dec,2017,12,1,2017,7,3,181,133.9844,133.9844,133.9844,133.9844,0,0
TNZ17,2017Dec,2017,12,1,2017,7,5,179,134.1406,134.1406,134.1406,134.1406,0,0
TNZ17,2017Dec,2017,12,1,2017,7,6,178,133.7188,133.7188,133.6875,133.7188,0,0
TNZ17,2017Dec,2017,12,1,2017,7,7,177,133.4844,133.4844,133.4844,133.4844,0,0
TNZ17,2017Dec,2017,12,1,2017,7,10,174,133.5625,133.5625,133.4844,133.4844,1,1
TNZ17,2017Dec,2017,12,1,2017,7,11,173,133.5938,133.5938,133.4531,133.5938,0,1
TNZ17,2017Dec,2017,12,1,2017,7,12,172,134.0156,134.0156,134.0156,134.0156,0,1
TNZ17,2017Dec,2017,12,1,2017,7,13,171,133.7813,133.7813,133.7813,133.7813,0,1
TNZ17,2017Dec,2017,12,1,2017,7,14,170,134.125,134.2813,134.125,134.125,0,1
TNZ17,2017Dec,2017,12,1,2017,7,17,167,134.25,134.25,134.25,134.25,0,1
TNZ17,2017Dec,2017,12,1,2017,7,18,166,134.7969,134.7969,134.7969,134.7969,0,1
TNZ17,2017Dec,2017,12,1,2017,7,19,165,134.75,134.75,134.75,134.75,0,1
TNZ17,2017Dec,2017,12,1,2017,7,20,164,134.7813,134.7813,134.7813,134.7813,0,1
TNZ17,2017Dec,2017,12,1,2017,7,21,163,135.1719,135.1719,135.1719,135.1719,0,1
TNZ17,2017Dec,2017,12,1,2017,7,24,160,134.9375,134.9375,134.9375,134.9375,0,1
TNZ17,2017Dec,2017,12,1,2017,7,25,159,134.0781,134.0781,134.0781,134.0781,0,1
TNZ17,2017Dec,2017,12,1,2017,7,26,158,134.6094,134.6094,134.6094,134.6094,0,1
TNZ17,2017Dec,2017,12,1,2017,7,27,157,134.2969,134.2969,134.2969,134.2969,0,1
TNZ17,2017Dec,2017,12,1,2017,7,28,156,134.5625,134.5625,134.2813,134.5625,0,1
TNZ17,2017Dec,2017,12,1,2017,7,31,153,134.5156,134.5156,134.5156,134.5156,0,1
TNZ17,2017Dec,2017,12,1,2017,8,1,152,135.0,135.0,134.375,135.0,0,1
TNZ17,2017Dec,2017,12,1,2017,8,2,151,134.875,134.875,134.8281,134.875,0,1
TNZ17,2017Dec,2017,12,1,2017,8,3,150,135.2813,135.2813,134.8125,135.2813,0,1
TNZ17,2017Dec,2017,12,1,2017,8,4,149,134.7656,134.7656,134.7188,134.7656,0,1
TNZ17,2017Dec,2017,12,1,2017,8,7,146,134.9219,134.9219,134.9219,134.9219,0,1
TNZ17,2017Dec,2017,12,1,2017,8,8,145,134.625,134.625,134.625,134.625,0,1
TNZ17,2017Dec,2017,12,1,2017,8,9,144,135.1406,135.1719,135.0938,135.0938,1,0
TNZ17,2017Dec,2017,12,1,2017,8,10,143,135.3281,135.5313,135.3281,135.3906,10,9
TNZ17,2017Dec,2017,12,1,2017,8,11,142,135.6719,135.7344,135.3281,135.6719,0,9
TNZ17,2017Dec,2017,12,1,2017,8,14,139,135.2813,135.3281,135.2344,135.3281,20,29
TNZ17,2017Dec,2017,12,1,2017,8,15,138,134.7656,134.7656,134.5938,134.7656,0,29
TNZ17,2017Dec,2017,12,1,2017,8,16,137,134.6875,135.1719,134.625,135.2344,309,0
TNH18,2018Mar,2018,3,1,2017,6,21,283,136.4844,136.4844,136.4844,136.4844,0,0
TNH18,2018Mar,2018,3,1,2017,6,22,282,136.5156,136.5156,136.5156,136.5156,0,0
TNH18,2018Mar,2018,3,1,2017,6,23,281,136.6094,136.6094,136.6094,136.6094,0,0
TNH18,2018Mar,2018,3,1,2017,6,26,278,136.5625,136.5625,136.5625,136.5625,0,0
TNH18,2018Mar,2018,3,1,2017,6,27,277,135.7031,135.7031,135.7031,135.7031,0,0
TNH18,2018Mar,2018,3,1,2017,6,28,276,135.4531,135.4531,135.4531,135.4531,0,0
TNH18,2018Mar,2018,3,1,2017,6,29,275,134.9063,134.9063,134.9063,134.9063,0,0
TNH18,2018Mar,2018,3,1,2017,6,30,274,134.5313,134.5313,134.5313,134.5313,0,0
TNH18,2018Mar,2018,3,1,2017,7,3,271,133.9844,133.9844,133.9844,133.9844,0,0
TNH18,2018Mar,2018,3,1,2017,7,5,269,134.1406,134.1406,134.1406,134.1406,0,0
TNH18,2018Mar,2018,3,1,2017,7,6,268,133.7188,133.7188,133.7188,133.7188,0,0
TNH18,2018Mar,2018,3,1,2017,7,7,267,133.4844,133.4844,133.4844,133.4844,0,0
TNH18,2018Mar,2018,3,1,2017,7,10,264,133.4844,133.4844,133.4844,133.4844,0,0
TNH18,2018Mar,2018,3,1,2017,7,11,263,133.5938,133.5938,133.5938,133.5938,0,0
TNH18,2018Mar,2018,3,1,2017,7,12,262,134.0156,134.0156,134.0156,134.0156,0,0
TNH18,2018Mar,2018,3,1,2017,7,13,261,133.7813,133.7813,133.7813,133.7813,0,0
TNH18,2018Mar,2018,3,1,2017,7,14,260,134.125,134.125,134.125,134.125,0,0
TNH18,2018Mar,2018,3,1,2017,7,17,257,134.25,134.25,134.25,134.25,0,0
TNH18,2018Mar,2018,3,1,2017,7,18,256,134.7969,134.7969,134.7969,134.7969,0,0
TNH18,2018Mar,2018,3,1,2017,7,19,255,134.75,134.75,134.75,134.75,0,0
TNH18,2018Mar,2018,3,1,2017,7,20,254,134.7813,134.7813,134.7813,134.7813,0,0
TNH18,2018Mar,2018,3,1,2017,7,21,253,135.1719,135.1719,135.1719,135.1719,0,0
TNH18,2018Mar,2018,3,1,2017,7,24,250,134.9375,134.9375,134.9375,134.9375,0,0
TNH18,2018Mar,2018,3,1,2017,7,25,249,134.0781,134.0781,134.0781,134.0781,0,0
TNH18,2018Mar,2018,3,1,2017,7,26,248,134.6094,134.6094,134.6094,134.6094,0,0
TNH18,2018Mar,2018,3,1,2017,7,27,247,134.2969,134.2969,134.2969,134.2969,0,0
TNH18,2018Mar,2018,3,1,2017,7,28,246,134.5625,134.5625,134.5625,134.5625,0,0
TNH18,2018Mar,2018,3,1,2017,7,31,243,134.5156,134.5156,134.5156,134.5156,0,0
TNH18,2018Mar,2018,3,1,2017,8,1,242,135.0,135.0,135.0,135.0,0,0
TNH18,2018Mar,2018,3,1,2017,8,2,241,134.875,134.875,134.875,134.875,0,0
TNH18,2018Mar,2018,3,1,2017,8,3,240,135.2813,135.2813,135.2813,135.2813,0,0
TNH18,2018Mar,2018,3,1,2017,8,4,239,134.7656,134.7656,134.7656,134.7656,0,0
TNH18,2018Mar,2018,3,1,2017,8,7,236,134.9219,134.9219,134.9219,134.9219,0,0
TNH18,2018Mar,2018,3,1,2017,8,8,235,134.625,134.625,134.625,134.625,0,0
TNH18,2018Mar,2018,3,1,2017,8,9,234,135.0938,135.0938,135.0938,135.0938,0,0
TNH18,2018Mar,2018,3,1,2017,8,10,233,135.3906,135.3906,135.3906,135.3906,0,0
TNH18,2018Mar,2018,3,1,2017,8,11,232,135.6719,135.6719,135.6719,135.6719,0,0
TNH18,2018Mar,2018,3,1,2017,8,14,229,135.3281,135.3281,135.3281,135.3281,0,0
TNH18,2018Mar,2018,3,1,2017,8,15,228,134.7656,134.7656,134.7656,134.7656,0,0
TNH18,2018Mar,2018,3,1,2017,8,16,227,135.2188,135.2188,135.2188,135.2188,0,0
